"","smokingrate","suiciderate","overdoserate","teenpregnancyrate","averagecrimerate","percentrepublican","percentcollege","povertyrate","ginicoefficient","infectionrate","retail","grocery","national.park","transport","work","residence"
"1",1.04011611422487,0.018413995073413,-0.541083686441501,1.29189199385954,0.8449946497969,-0.935699890905497,-0.987561173603655,1.33798442764964,0.60753088979467,-0.384239208375644,0.614664549206997,0.905330213011667,0.289387474102595,1.03462987640423,0.718251148901235,-0.954798070521184
"2",1.06877409468163,1.82956193907983,-0.74170359199233,0.285079507580506,1.95461233972348,-1.42893704270064,-0.307577690786862,0.282769904812552,-2.23916387299225,-0.460738081467687,-0.186194005781681,-0.622815820298807,0.267425031871595,-0.526498043613986,0.545464315910844,-0.549008890549681
"3",-0.478756849983569,0.622129976408885,0.181147973541484,0.421596454872579,0.771901578045891,-0.319153451161565,-0.363767354644458,0.49381280937997,0.196766209258302,-0.43623608154777,0.72907291420538,0.468717060637246,-0.281636023903419,0.347733591596214,0.545464315910844,-0.549008890549681
"4",1.44132784061955,0.420891315963728,-0.631362643939374,2.17925215125802,1.03458760041385,-0.81239060295671,-1.35705400630643,1.26763679279383,0.397372216031878,-0.429051498223078,1.98756492918759,1.5602499415733,1.65105889242463,1.53419081081006,1.58218531385319,-1.76637643046419
"5",-1.71105000962438,-1.23373766991868,-0.922261506988077,-0.687603741875515,0.177053695485204,1.03724871627508,0.32798115334849,0.0717270002451351,1.14725657468548,-0.41902190885243,-0.415010735778447,-0.295355956017991,-0.962471733064435,-0.464052926813257,-0.491256682031505,1.47993700930783
"6",-0.765336654551199,1.22584595774436,-0.521021695886418,-0.568151412994951,0.331347432270184,0.420702276531153,1.41689758777697,-0.983487522591952,-0.285643473697199,0.127348208735797,-0.529419100776829,-0.622815820298807,-0.391448235058421,-0.838723627617629,-0.664043515021897,0.668358649364829
"7",-1.3098382832297,-1.3008172234004,0.873286647691845,-1.5920285176855,-1.00553233398803,1.03724871627508,1.22653971806096,-0.491054078601311,1.43861291785662,0.687481129476318,-1.10146092576874,-1.16858226076683,-1.26994592429844,-1.08850409482054,-0.318469849041114,1.47993700930783
"8",-0.0775451235888878,-1.12193841411581,2.18734702904978,-0.158600571118732,0.11219294922151,0.297392988582367,0.0350702414370968,-1.30005187944308,-0.376393810094768,-0.193787181769204,-0.0717856407832987,-0.731969108392412,-0.259673581672418,-0.651388277215443,-0.145683016050722,0.262569469393325
"9",-0.851310595921488,-0.361703474656329,1.11403053435284,-0.568151412994951,3.09927977907333,3.38012518730202,4.16977190331436,0.880724801086902,3.17719830989428,0.493428736417398,-2.0167278457558,-0.950275684579623,-1.02835905975744,-1.33828456202346,-1.87355134595464,1.07414782933633
"10",-0.335466947699754,-0.272264070014037,0.0808380207660697,-0.158600571118732,0.14512225117077,-0.0725348752639924,-0.317947611354923,0.599334261663679,0.999190236352602,-0.192202816982596,-0.415010735778447,-0.513662532205202,-1.18209615537444,-1.02605897801981,-0.836830348012288,0.668358649364829
"11",0.0657447786949271,-0.406423176977475,-0.882137525877911,0.506919546930125,0.515576898099945,-0.0725348752639924,-0.0833045402704789,0.775203348803193,0.822465897052073,-0.0447837926610316,0.500256184208615,0.468717060637246,-0.171823812748416,-0.3391626932118,-0.145683016050722,-0.143219710578178
"12",-1.28118030277293,-1.01013915831295,-0.771796577824955,-0.0732774790611863,0.344319581522923,0.913939428326298,0.205334693832501,-0.666923165740826,-1.16926517019985,-0.51610836953407,-1.10146092576874,-1.60519541314125,-1.55545767330145,-1.58806502922637,-1.52797767997385,1.88572618927934
"13",-0.851310595921488,1.67304298095582,-0.74170359199233,-0.278052899999296,-1.17529286411282,-1.42893704270064,-0.672176547462312,-0.104142086894379,-0.81581649159879,-0.0686474129926519,0.500256184208615,0.359563772543641,0.421162127488598,0.784849409201314,-0.318469849041114,-0.549008890549681
"14",-0.507414830440332,-1.14429826527639,-0.0696269083970523,-0.312182136822314,-0.441368573698248,0.913939428326298,0.456448574283573,-0.315184991461797,0.765149895116767,0.0745078966745431,-0.758235830773595,-0.295355956017991,-0.76480975298543,-0.526498043613986,-0.491256682031505,0.668358649364829
"15",1.29803793833573,-0.0933852607294522,0.361705888537231,0.711694967868234,0.0147770976216155,-0.195844163212779,-0.832618286264665,-0.0689682694664767,-0.686855487244351,-0.130788332848179,-0.186194005781681,-0.404509244111596,0.399199685257598,0.784849409201314,0.0271038169396692,-0.143219710578178
"16",-0.0488871431321244,-0.205184516532317,-1.2432533558694,-0.39750522887986,-0.480659218069524,-0.0725348752639924,-0.469966305094099,-1.26487806201518,-1.05940949982384,-0.469086280950874,0.385847819210232,1.23279007729248,0.772561203184607,1.15952011000569,1.23661164787241,-0.549008890549681
"17",0.0370867982381637,0.644489827569458,-0.962385488098243,0.40453183646107,0.511211270947582,-1.05900917885428,0.26983510513809,-0.315184991461797,-0.424157145040857,-0.475847483604402,1.18670637419891,0.796176924918062,1.45339691234562,1.65908104441151,1.06382481488202,-0.954798070521184
"18",2.1004613911251,0.242012506679144,0.893348638246928,1.65024898050124,-0.560238364446903,-0.195844163212779,-1.1938353810517,0.98624625337061,0.540662220870145,-0.49840785950691,1.07229800920053,1.12363678919888,1.36554714342162,0.784849409201314,0.372677482920452,-0.954798070521184
"19",1.67059168427365,-0.29462392117461,0.341643897982148,1.68437821732425,1.39668518965136,-0.319153451161565,-1.17635693070984,2.81528475962156,1.24755957807227,1.86740624820515,0.157031089213467,0.577870348730851,-0.523222888444424,-0.151827342809614,0.199890649930061,-0.143219710578178
"20",0.00842881778140135,0.465611018284874,0.592418779920684,-1.11421920216324,-1.46679202568638,0.544011564479939,-0.0406504627686547,0.0717270002451351,-0.572223483373735,-0.35696702914352,-0.415010735778447,-0.0770493798307803,-0.654997541830428,-0.588943160414714,0.891037981891627,-0.549008890549681
"21",-0.994600498205303,-1.39025662804269,1.52530134073204,-0.602280649817969,-0.101722781244327,1.65379515601902,1.33485600399407,-1.40557333172679,-0.615210484825214,-0.217530882648674,0.157031089213467,-0.404509244111596,0.5090118964126,-0.276717576411072,-0.491256682031505,0.668358649364829
"22",-1.02325847866207,-1.45733618152441,1.08393754852022,-1.7797393202121,-1.25861397662079,1.7771044439678,1.85366478442717,-0.631749348312923,0.870229231998163,0.988189216487097,-1.44468602076389,-1.60519541314125,-1.35779569322244,-1.6505101460271,-1.00961718100268,1.88572618927934
"23",0.581588426916661,-0.316983772335183,0.462015841312645,-0.312182136822314,-0.691082446813471,0.297392988582367,-0.406833115130276,-0.280011174033894,0.0343708704416003,0.697961490772734,-1.33027765576551,-0.731969108392412,0.201537705178593,-0.526498043613986,-1.18240401399307,0.262569469393325
"24",-0.793994635007962,-0.741820944386071,-1.05266444559612,-1.26780076786683,-0.466813943386313,0.544011564479939,0.674463750549815,-1.26487806201518,-0.705960821222786,-0.541150893190955,-1.33027765576551,-1.49604212504765,-0.479298003982423,-1.08850409482054,-0.318469849041114,1.07414782933633
"25",1.41266986016279,-0.585301986262059,-1.12288141253891,1.73557207255878,0.268856597889202,-0.565772027059137,-1.47926678169524,2.53389422019834,0.631412557267717,-0.124355739404149,1.64433983419244,1.5602499415733,0.465087011950599,1.09707499320496,1.06382481488202,-0.954798070521184
"26",1.01145813376811,0.689209529890604,0.552294798810518,0.677565731045216,0.698683774090528,-0.565772027059137,-0.402012782641443,0.0365531828172323,-0.0898138004182344,-0.331799970081892,0.957889644202145,1.01448350110527,1.47535935457662,0.784849409201314,0.718251148901235,-0.954798070521184
"27",-0.020229162675362,1.89664149256155,-0.982447478653325,-0.0732774790611863,0.205367905873393,-0.689081315007924,0.00391745689091586,-0.526227896029214,-0.199669470794238,-0.424704189137096,-0.529419100776829,-0.404509244111596,0.4870494541816,0.597514058799128,-0.145683016050722,-0.549008890549681
"28",-0.536072810897095,-0.674741390904351,-1.46393525197532,-0.158600571118732,-0.279590904652073,-0.935699890905497,0.023437847182367,-0.280011174033894,-1.05940949982384,-0.551794296777166,1.41552310419568,1.34194336538609,0.201537705178593,1.78397127801297,2.10054581282437,-1.36058725049269
"29",0.0944027591516905,0.979887594978054,-0.0796579036745939,0.489854928518615,0.454333385762496,-0.0725348752639924,-1.09462510566527,0.458638991952067,-0.576999816868343,-0.101884181773572,-0.0717856407832987,-0.186202667924386,-0.962471733064435,-0.963613861219086,-2.73748551090659,1.07414782933633
"30",-0.450098869526807,0.666849678730031,1.38486740684646,-1.64322237292003,-1.52616455495853,0.050774412684794,0.839294914446294,-1.82765914086162,-1.4080818449303,-0.26137698019051,-1.33027765576551,-1.49604212504765,-1.51153278883945,-1.02605897801981,-0.318469849041114,0.668358649364829
"31",-1.02325847866207,-1.81509380009358,1.11403053435284,-1.25073614945532,-1.27196032248659,0.667320852428725,1.21923862730477,-0.948313705164049,0.731715560654505,3.06986555240474,-1.44468602076389,-1.27773554886044,-0.918546848602434,-1.46317479562491,-1.35519084698346,1.88572618927934
"32",0.0657447786949271,1.91900134372212,0.472046836590187,1.30895661227105,2.39628907533837,0.667320852428725,-0.64037409544291,2.25250368077511,0.550214887859364,-0.472264274560751,0.271439454211849,0.359563772543641,-0.391448235058421,0.9721847596035,0.372677482920452,-0.143219710578178
"33",-0.908626556835014,-1.81509380009358,-0.360525771445755,-1.01183149169419,-1.16394223351667,1.16055800422387,0.750123399570068,0.0365531828172323,2.29357661339162,5.38798508290982,-1.78791111575904,-1.16858226076683,-1.16013371314344,-1.33828456202346,-1.70076451296425,1.88572618927934
"34",-0.020229162675362,-0.607661837422632,0.0407140396559036,0.182691797111451,0.130902779874498,0.17408370063358,-0.106487889612698,0.810377166231096,0.535885887375537,-0.462562294935751,0.72907291420538,0.687023636824457,0.157612820716592,-0.276717576411072,0.199890649930061,-0.549008890549681
"35",0.295008622349031,0.622129976408885,-1.18306738420415,-0.20979442635326,-0.405320966640156,-1.798864906547,-0.272274858687978,-0.244837356605991,-0.285643473697199,-0.450594745816813,0.271439454211849,0.905330213011667,1.47535935457662,0.659959175599857,2.10054581282437,-0.954798070521184
"36",1.09743207513839,-0.249904218853463,1.394898402124,0.216821033934469,-0.10908198130117,-0.195844163212779,-0.535566775209362,0.212422269956747,-0.0229451314937091,-0.398400390645579,0.385847819210232,0.250410484450036,2.44170681274065,0.847294526002043,0.199890649930061,-0.549008890549681
"37",0.810852270570765,0.80100878569347,-0.360525771445755,1.63318436208973,0.659268397514899,-0.935699890905497,-0.948045924704574,0.458638991952067,0.0248182034523809,-0.432817025569315,1.18670637419891,1.01448350110527,0.5090118964126,1.47174569400933,0.718251148901235,-0.954798070521184
"38",-0.335466947699754,0.577410274087739,-0.94232349754316,-0.738797597110042,0.579065590115754,0.790630140377512,0.271765906452073,-0.420706443745506,-0.161458802837368,-0.467463045204036,-0.529419100776829,-0.404509244111596,-0.611072657368427,-0.0269371092081573,-0.318469849041114,0.262569469393325
"39",0.409640544176083,-0.339343623495756,1.41496039267908,-0.602280649817969,-1.04943806992038,0.420702276531153,-0.0640578322940871,-0.139315904322282,0.268411211677435,-0.0034957982404245,-0.415010735778447,-0.622815820298807,0.0258381673305889,-0.3391626932118,-0.318469849041114,0.262569469393325
"40",-0.67936271318091,-1.5467755861667,0.813100676026597,-1.04596072851721,-1.02311957480184,0.667320852428725,0.331261188936463,-0.59657553088502,0.473793551945619,0.121388658656008,-0.98705256077036,-0.950275684579623,-1.22602103983644,-1.27583944522273,-0.145683016050722,1.07414782933633
"41",0.438298524632846,-0.22754436769289,0.0607760302109868,0.745824204691252,1.12015389260019,-0.689081315007924,-0.595344547328323,0.775203348803193,0.273187545172047,-0.327847032444795,0.957889644202145,1.12363678919888,-0.215748697210417,0.784849409201314,0.372677482920452,-0.954798070521184
"42",0.581588426916661,0.644489827569458,-1.51409022836302,0.472790310107106,-0.616492588610222,-0.935699890905497,-0.427043033309782,-0.385532626317603,-0.892237827512535,-0.479749967807412,1.30111473919729,1.99686309394772,2.63936879281965,0.9721847596035,1.92775897983398,-1.36058725049269
"43",1.52730178198984,0.0407738462339864,0.552294798810518,1.30895661227105,0.982948467811603,-0.935699890905497,-0.720216348834491,-0.0337944520385739,0.726939227159893,-0.176653221341756,1.30111473919729,1.34194336538609,0.640786549798604,0.722404292400585,0.372677482920452,-1.36058725049269
"44",-0.450098869526807,-0.607661837422632,-1.16300539364907,1.30895661227105,0.246280068901262,-0.565772027059137,-0.29707862248668,0.564160444235776,0.736491894149113,-0.51332851886936,0.157031089213467,-0.186202667924386,-0.720884868523429,-0.0269371092081573,0.0271038169396692,0.668358649364829
"45",-2.39884154058669,1.29292551122608,-0.0796579036745939,-0.772926833933061,0.268232936867435,-1.67555561859821,0.328497970882412,-1.40557333172679,-1.85228085992893,-0.246747690032069,0.614664549206997,0.796176924918062,0.443124569719599,0.160398241194028,-0.664043515021897,-0.549008890549681
"46",-0.421440889070043,0.532690571766593,0.462015841312645,-1.50670542562795,-1.49872347000082,1.16055800422387,0.970889180017972,-0.913139887736147,-0.86357982654488,-0.0118788515703656,-1.78791111575904,-2.26011514170289,-1.33583325099144,-1.52561991242564,-1.18240401399307,0.668358649364829
"47",-0.249493006329466,-0.540582283940913,-0.490928710053794,-0.568151412994951,-1.00154090344873,0.297392988582367,1.1036272961274,-0.59657553088502,0.0821342053876869,-0.414925892295088,0.843481279203763,0.577870348730851,0.88237341433961,-0.214272459610343,0.0271038169396692,-0.143219710578178
"48",-1.08057443957559,-0.115745111890025,-0.721641601437247,-0.841185307579097,0.840753754848889,0.790630140377512,0.643644470400304,-0.737270800596632,-0.381170143589379,0.257681058261083,-0.186194005781681,-0.513662532205202,-0.369485792827421,-0.588943160414714,-0.836830348012288,0.668358649364829
"49",2.50167311751978,1.06932699962035,2.95973366542047,1.32602123068256,-0.750080779472562,-0.319153451161565,-1.72533731341476,1.65454878450077,-0.137577135364321,-0.565941809544388,0.957889644202145,0.577870348730851,1.01414806772561,0.9721847596035,0.545464315910844,-1.36058725049269
"50",-0.364124928156517,-0.361703474656329,-0.280277809225423,-0.78999145234457,-0.843006271715739,0.050774412684794,-0.261568151658599,-1.01866134001985,-0.992540830899323,-0.334033711342509,-0.98705256077036,-0.950275684579623,-0.391448235058421,-0.214272459610343,0.372677482920452,0.668358649364829
"51",0.409640544176083,1.96372104604327,-1.09278842670628,0.541048783753143,-0.918219790940753,-1.92217419449579,-0.677612305939593,-0.209663539178088,-1.69943818810144,-0.384028537116218,1.07229800920053,0.905330213011667,0.5090118964126,2.03375174521589,1.23661164787241,-1.36058725049269
