"","close","volume","target"
"2016-07-13",716.97998,935900,"Down"
"2016-07-14",720.950012,950200,"Down"
"2016-07-15",719.849976,1279300,"Down"
"2016-07-18",733.780029,1295500,"Up"
"2016-07-19",736.960022,1227500,"Up"
"2016-07-20",741.190002,1289700,"Up"
"2016-07-21",738.630005,1026300,"Down"
"2016-07-22",742.73999,1259800,"Up"
"2016-07-25",739.77002,1032400,"Down"
"2016-07-26",738.419983,1186700,"Down"
"2016-07-27",741.77002,1512500,"Up"
"2016-07-28",745.909973,3530200,"Down"
"2016-07-29",768.789978,3841500,"Down"
"2016-08-01",772.880005,2700500,"Up"
"2016-08-02",771.070007,1784500,"Up"
"2016-08-03",773.179993,1287400,"Up"
"2016-08-04",771.609985,1140300,"Down"
"2016-08-05",782.219971,1801200,"Up"
"2016-08-08",781.76001,1107900,"Down"
"2016-08-09",784.26001,1318900,"Up"
"2016-08-10",784.679993,786400,"Up"
"2016-08-11",784.849976,975100,"Down"
"2016-08-12",783.219971,740500,"Up"
"2016-08-15",782.440002,938200,"Down"
"2016-08-16",777.140015,1028000,"Down"
"2016-08-17",779.909973,924200,"Up"
"2016-08-18",777.5,719400,"Down"
"2016-08-19",775.419983,861500,"Up"
"2016-08-22",772.150024,951400,"Down"
"2016-08-23",772.080017,928200,"Down"
"2016-08-24",769.640015,1072000,"Down"
"2016-08-25",769.409973,926900,"Up"
"2016-08-26",769.539978,1166700,"Up"
"2016-08-29",772.150024,847600,"Up"
"2016-08-30",769.090027,1130000,"Down"
"2016-08-31",767.049988,1248600,"Up"
"2016-09-01",768.780029,925100,"Down"
"2016-09-02",771.460022,1072700,"Down"
"2016-09-06",780.080017,1442800,"Up"
"2016-09-07",780.349976,893700,"Up"
"2016-09-08",775.320007,1270300,"Down"
"2016-09-09",759.659973,1885500,"Down"
"2016-09-12",769.02002,1311000,"Up"
"2016-09-13",759.690002,1395000,"Down"
"2016-09-14",762.48999,1087400,"Up"
"2016-09-15",771.76001,1305100,"Up"
"2016-09-16",768.880005,2049300,"Down"
"2016-09-19",765.700012,1172800,"Down"
"2016-09-20",771.409973,978600,"Up"
"2016-09-21",776.219971,1167800,"Up"
"2016-09-22",787.210022,1486200,"Up"
"2016-09-23",786.900024,1411900,"Up"
"2016-09-26",774.210022,1533200,"Down"
"2016-09-27",783.01001,1153200,"Up"
"2016-09-28",781.559998,1109800,"Up"
"2016-09-29",775.01001,1314700,"Down"
"2016-09-30",777.289978,1585300,"Up"
"2016-10-03",772.559998,1278800,"Down"
"2016-10-04",776.429993,1201400,"Up"
"2016-10-05",776.469971,1461200,"Down"
"2016-10-06",776.859985,1070700,"Down"
"2016-10-07",775.080017,933200,"Down"
"2016-10-10",785.940002,1174900,"Up"
"2016-10-11",783.070007,1372500,"Down"
"2016-10-12",786.140015,937400,"Up"
"2016-10-13",778.190002,1365300,"Down"
"2016-10-14",778.530029,852500,"Down"
"2016-10-17",779.960022,1093000,"Up"
"2016-10-18",795.26001,2056900,"Up"
"2016-10-19",801.5,1766800,"Up"
"2016-10-20",796.969971,1757500,"Down"
"2016-10-21",799.369995,1266200,"Up"
"2016-10-24",813.109985,1697500,"Up"
"2016-10-25",807.669983,1576400,"Down"
"2016-10-26",799.070007,1647700,"Down"
"2016-10-27",795.349976,2749200,"Down"
"2016-10-28",795.369995,4269900,"Down"
"2016-10-31",784.539978,2427300,"Down"
"2016-11-01",783.609985,2406400,"Up"
"2016-11-02",768.700012,1872400,"Down"
"2016-11-03",762.130005,1943200,"Down"
"2016-11-04",762.02002,2134800,"Up"
"2016-11-07",782.52002,1585100,"Up"
"2016-11-08",790.51001,1366900,"Up"
"2016-11-09",785.309998,2607100,"Up"
"2016-11-10",762.559998,4745200,"Down"
"2016-11-11",754.02002,2431800,"Down"
"2016-11-14",736.080017,3654400,"Down"
"2016-11-15",758.48999,2384000,"Up"
"2016-11-16",764.47998,1472600,"Up"
"2016-11-17",771.22998,1304000,"Up"
"2016-11-18",760.539978,1547100,"Down"
"2016-11-21",769.200012,1330600,"Up"
"2016-11-22",768.27002,1593100,"Down"
"2016-11-23",760.98999,1478400,"Down"
"2016-11-25",761.679993,587400,"Down"
"2016-11-28",768.23999,2188200,"Up"
"2016-11-29",770.840027,1616600,"Down"
"2016-11-30",758.039978,2392900,"Down"
"2016-12-01",747.919983,3017900,"Down"
"2016-12-02",750.5,1452500,"Up"
"2016-12-05",762.52002,1394200,"Up"
"2016-12-06",759.109985,1690700,"Down"
"2016-12-07",771.190002,1761000,"Up"
"2016-12-08",776.419983,1488100,"Up"
"2016-12-09",789.289978,1821900,"Up"
"2016-12-12",789.27002,2104100,"Up"
"2016-12-13",796.099976,2145200,"Up"
"2016-12-14",797.070007,1704200,"Down"
"2016-12-15",797.849976,1626500,"Up"
"2016-12-16",790.799988,2443800,"Down"
"2016-12-19",794.200012,1232100,"Up"
"2016-12-20",796.419983,951000,"Down"
"2016-12-21",794.559998,1211300,"Down"
"2016-12-22",791.26001,972200,"Down"
"2016-12-23",789.909973,623400,"Down"
"2016-12-27",791.549988,789100,"Up"
"2016-12-28",785.049988,1153800,"Down"
"2016-12-29",782.789978,744300,"Down"
"2016-12-30",771.820007,1770000,"Down"
"2017-01-03",786.140015,1657300,"Up"
"2017-01-04",786.900024,1073000,"Down"
"2017-01-05",794.02002,1335200,"Up"
"2017-01-06",806.150024,1640200,"Up"
"2017-01-09",806.650024,1274600,"Up"
"2017-01-10",804.789978,1176800,"Down"
"2017-01-11",807.909973,1065900,"Up"
"2017-01-12",806.359985,1353100,"Down"
"2017-01-13",807.880005,1099200,"Up"
"2017-01-17",804.609985,1362100,"Down"
"2017-01-18",806.070007,1294400,"Up"
"2017-01-19",802.174988,919300,"Down"
"2017-01-20",805.02002,1670000,"Down"
"2017-01-23",819.309998,1963600,"Up"
"2017-01-24",823.869995,1474000,"Up"
"2017-01-25",835.669983,1494500,"Up"
"2017-01-26",832.150024,2973900,"Down"
"2017-01-27",823.309998,2965800,"Down"
"2017-01-30",802.320007,3246600,"Down"
"2017-01-31",796.789978,2160600,"Down"
"2017-02-01",795.695007,2029700,"Down"
"2017-02-02",798.530029,1532100,"Up"
"2017-02-03",801.48999,1463400,"Down"
"2017-02-06",801.340027,1184500,"Up"
"2017-02-07",806.969971,1241200,"Up"
"2017-02-08",808.380005,1155300,"Up"
"2017-02-09",809.559998,989700,"Up"
"2017-02-10",813.669983,1135000,"Up"
"2017-02-13",819.23999,1213300,"Up"
"2017-02-14",820.450012,1054700,"Up"
"2017-02-15",818.97998,1313600,"Down"
"2017-02-16",824.159973,1287600,"Up"
"2017-02-17",828.070007,1611000,"Up"
"2017-02-21",831.659973,1262300,"Up"
"2017-02-22",830.76001,982900,"Up"
"2017-02-23",831.330017,1472800,"Up"
"2017-02-24",828.640015,1392200,"Up"
"2017-02-27",829.280029,1101500,"Up"
"2017-02-28",823.210022,2260800,"Down"
"2017-03-01",835.23999,1496500,"Up"
"2017-03-02",830.630005,942500,"Down"
"2017-03-03",829.080017,896400,"Down"
"2017-03-06",827.780029,1109000,"Up"
"2017-03-07",831.909973,1037600,"Up"
"2017-03-08",835.369995,989800,"Up"
"2017-03-09",838.679993,1261500,"Up"
"2017-03-10",843.25,1704000,"Down"
"2017-03-13",845.539978,1223600,"Up"
"2017-03-14",845.619995,779900,"Up"
"2017-03-15",847.200012,1381500,"Down"
"2017-03-16",848.780029,977600,"Down"
"2017-03-17",852.119995,1712300,"Up"
"2017-03-20",848.400024,1231500,"Down"
"2017-03-21",830.460022,2463500,"Down"
"2017-03-22",829.590027,1401500,"Down"
"2017-03-23",817.580017,3487100,"Down"
"2017-03-24",814.429993,1981000,"Down"
"2017-03-27",819.51001,1894300,"Up"
"2017-03-28",820.919983,1620500,"Up"
"2017-03-29",831.409973,1786300,"Up"
"2017-03-30",831.5,1055300,"Down"
"2017-03-31",829.559998,1401900,"Up"
"2017-04-03",838.549988,1671500,"Up"
"2017-04-04",834.570007,1045400,"Up"
"2017-04-05",831.409973,1555300,"Down"
"2017-04-06",827.880005,1254400,"Down"
"2017-04-07",824.669983,1057300,"Down"
"2017-04-10",824.72998,978900,"Down"
"2017-04-11",823.349976,1079700,"Down"
"2017-04-12",824.320007,900500,"Up"
"2017-04-13",823.559998,1122400,"Up"
"2017-04-17",837.169983,895000,"Up"
"2017-04-18",836.820007,836700,"Up"
"2017-04-19",838.210022,954200,"Down"
"2017-04-20",841.650024,959000,"Up"
"2017-04-21",843.190002,1323600,"Up"
"2017-04-24",862.76001,1372500,"Up"
"2017-04-25",872.299988,1672000,"Up"
"2017-04-26",871.72998,1237200,"Down"
"2017-04-27",874.25,2026800,"Up"
"2017-04-28",905.960022,3276300,"Down"
"2017-05-01",912.570007,2116000,"Up"
"2017-05-02",916.440002,1587200,"Up"
"2017-05-03",927.039978,1499500,"Up"
"2017-05-04",931.659973,1422100,"Up"
"2017-05-05",927.130005,1911300,"Down"
"2017-05-08",934.299988,1329800,"Up"
"2017-05-09",932.169983,1581800,"Down"
"2017-05-10",928.780029,1173900,"Down"
"2017-05-11",930.599976,835000,"Up"
"2017-05-12",932.219971,1050600,"Up"
"2017-05-15",937.080017,1108100,"Up"
"2017-05-16",943,969500,"Up"
"2017-05-17",919.619995,2362100,"Down"
"2017-05-18",930.23999,1596900,"Up"
"2017-05-19",934.01001,1393000,"Up"
"2017-05-22",941.859985,1120400,"Up"
"2017-05-23",948.820007,1270800,"Up"
"2017-05-24",954.960022,1024800,"Up"
"2017-05-25",969.539978,1660500,"Up"
"2017-05-26",971.469971,1252000,"Up"
"2017-05-30",975.880005,1466700,"Up"
"2017-05-31",964.859985,2448100,"Down"
"2017-06-01",966.950012,1410500,"Down"
"2017-06-02",975.599976,1751000,"Up"
"2017-06-05",983.679993,1252100,"Up"
"2017-06-06",976.570007,1814600,"Down"
"2017-06-07",980.940002,1453900,"Up"
"2017-06-08",983.409973,1481900,"Up"
"2017-06-09",949.830017,3309400,"Down"
"2017-06-12",942.900024,3763500,"Up"
"2017-06-13",953.400024,2013300,"Up"
"2017-06-14",950.76001,1489700,"Down"
"2017-06-15",942.309998,2133100,"Up"
"2017-06-16",939.780029,3094700,"Down"
"2017-06-19",957.369995,1533300,"Up"
"2017-06-20",950.630005,1126000,"Down"
"2017-06-21",959.450012,1202200,"Up"
"2017-06-22",957.090027,941400,"Down"
"2017-06-23",965.590027,1527900,"Up"
"2017-06-26",952.27002,1598400,"Down"
"2017-06-27",927.330017,2579900,"Down"
"2017-06-28",940.48999,2721400,"Up"
"2017-06-29",917.789978,3299200,"Down"
"2017-06-30",908.72998,2090200,"Down"
"2017-07-03",898.700012,1709800,"Down"
"2017-07-05",911.710022,1813900,"Up"
"2017-07-06",906.690002,1424500,"Up"
"2017-07-07",918.590027,1637800,"Up"
"2017-07-10",928.799988,1192800,"Up"
"2017-07-11",930.090027,1113200,"Up"
"2017-07-12",943.830017,1532100,"Up"
"2017-07-13",947.159973,1294700,"Up"
"2017-07-14",955.98999,1053800,"Up"
"2017-07-17",953.419983,1165500,"Down"
"2017-07-18",965.400024,1154000,"Up"
"2017-07-19",970.890015,1224500,"Up"
"2017-07-20",968.150024,1624500,"Down"
"2017-07-21",972.919983,1711000,"Up"
"2017-07-24",980.340027,3248300,"Up"
"2017-07-25",950.700012,4661000,"Down"
"2017-07-26",947.799988,2088300,"Down"
"2017-07-27",934.090027,3213000,"Down"
"2017-07-28",941.530029,1846400,"Up"
"2017-07-31",930.5,1970100,"Down"
"2017-08-01",930.830017,1277700,"Down"
"2017-08-02",930.390015,1824400,"Up"
"2017-08-03",923.650024,1202500,"Down"
"2017-08-04",927.960022,1082300,"Up"
"2017-08-07",929.359985,1032200,"Up"
"2017-08-08",926.789978,1061600,"Down"
"2017-08-09",922.900024,1192100,"Up"
"2017-08-10",907.23999,1824000,"Down"
"2017-08-11",914.390015,1206800,"Up"
"2017-08-14",922.669983,1064500,"Up"
"2017-08-15",922.219971,883400,"Down"
"2017-08-16",926.960022,1006700,"Up"
"2017-08-17",910.97998,1277200,"Down"
"2017-08-18",910.669983,1342700,"Up"
"2017-08-21",906.659973,943400,"Down"
"2017-08-22",924.690002,1166700,"Up"
"2017-08-23",927,1090200,"Up"
"2017-08-24",921.280029,1270300,"Down"
"2017-08-25",915.890015,1053400,"Down"
"2017-08-28",913.809998,1086500,"Down"
"2017-08-29",921.289978,1185600,"Up"
"2017-08-30",929.570007,1301200,"Up"
"2017-08-31",939.330017,1582600,"Up"
"2017-09-01",937.340027,947400,"Down"
"2017-09-05",928.450012,1326400,"Down"
"2017-09-06",927.809998,1527700,"Down"
"2017-09-07",935.950012,1212700,"Up"
"2017-09-08",926.5,1011500,"Down"
"2017-09-11",929.080017,1267000,"Down"
"2017-09-12",932.070007,1134400,"Down"
"2017-09-13",935.090027,1102600,"Up"
"2017-09-14",925.109985,1397600,"Down"
"2017-09-15",920.289978,2505400,"Down"
"2017-09-18",915,1306900,"Down"
"2017-09-19",921.809998,936700,"Up"
"2017-09-20",931.580017,1669800,"Up"
"2017-09-21",932.450012,1290600,"Down"
"2017-09-22",928.530029,1052700,"Up"
"2017-09-25",920.969971,1856800,"Down"
"2017-09-26",924.859985,1666900,"Up"
"2017-09-27",944.48999,2239400,"Up"
"2017-09-28",949.5,1020300,"Up"
"2017-09-29",959.109985,1581000,"Up"
"2017-10-02",953.27002,1283400,"Down"
"2017-10-03",957.789978,888300,"Up"
"2017-10-04",951.679993,952400,"Down"
"2017-10-05",969.960022,1213800,"Up"
"2017-10-06",978.890015,1173900,"Up"
"2017-10-09",977,891400,"Down"
"2017-10-10",972.599976,968400,"Down"
"2017-10-11",989.25,1693300,"Up"
"2017-10-12",987.830017,1262400,"Up"
"2017-10-13",989.679993,1169800,"Down"
"2017-10-16",992,910500,"Down"
"2017-10-17",992.179993,1290200,"Up"
"2017-10-18",992.809998,1057600,"Up"
"2017-10-19",984.450012,1313600,"Down"
"2017-10-20",988.200012,1183200,"Down"
"2017-10-23",968.450012,1478400,"Down"
"2017-10-24",970.539978,1212200,"Up"
"2017-10-25",973.330017,1211300,"Up"
"2017-10-26",972.559998,2042100,"Down"
"2017-10-27",1019.27002,5167700,"Up"
"2017-10-30",1017.109985,2085100,"Up"
"2017-10-31",1016.640015,1330700,"Up"
"2017-11-01",1025.5,1373400,"Up"
"2017-11-02",1025.579956,1049000,"Up"
"2017-11-03",1032.47998,1076400,"Up"
"2017-11-06",1025.900024,1125200,"Down"
"2017-11-07",1033.329956,1112300,"Up"
"2017-11-08",1039.849976,1088700,"Up"
"2017-11-09",1031.26001,1245200,"Down"
"2017-11-10",1028.069946,720000,"Up"
"2017-11-13",1025.75,885800,"Up"
"2017-11-14",1026,959200,"Up"
"2017-11-15",1020.909973,854000,"Up"
"2017-11-16",1032.5,1129700,"Up"
"2017-11-17",1019.090027,1397100,"Down"
"2017-11-20",1018.380005,953500,"Down"
"2017-11-21",1034.48999,1097000,"Up"
"2017-11-22",1035.959961,746300,"Up"
"2017-11-24",1040.609985,537000,"Up"
"2017-11-27",1054.209961,1307900,"Up"
"2017-11-28",1047.410034,1424400,"Down"
"2017-11-29",1021.659973,2459400,"Down"
"2017-11-30",1021.409973,1724000,"Down"
"2017-12-01",1010.169983,1909600,"Down"
"2017-12-04",998.679993,1906400,"Down"
"2017-12-05",1005.150024,2067300,"Up"
"2017-12-06",1018.380005,1272000,"Up"
"2017-12-07",1030.930054,1458200,"Up"
"2017-12-08",1037.050049,1290800,"Down"
"2017-12-11",1041.099976,1192800,"Up"
"2017-12-12",1040.47998,1279500,"Up"
"2017-12-13",1040.609985,1282700,"Down"
"2017-12-14",1049.150024,1558700,"Up"
"2017-12-15",1064.189941,3275900,"Up"
"2017-12-18",1077.140015,1554600,"Up"
"2017-12-19",1070.680054,1338700,"Down"
"2017-12-20",1064.949951,1268600,"Down"
"2017-12-21",1063.630005,995700,"Down"
"2017-12-22",1060.119995,755100,"Down"
"2017-12-26",1056.73999,760600,"Down"
"2017-12-27",1049.369995,1271900,"Down"
"2017-12-28",1048.140015,837100,"Down"
"2017-12-29",1046.400024,887500,"Down"
"2018-01-02",1065,1237600,"Up"
"2018-01-03",1082.47998,1430200,"Up"
"2018-01-04",1086.400024,1004600,"Down"
"2018-01-05",1102.22998,1279100,"Up"
"2018-01-08",1106.939941,1047600,"Up"
"2018-01-09",1106.26001,902500,"Down"
"2018-01-10",1102.609985,1042800,"Up"
"2018-01-11",1105.52002,978300,"Down"
"2018-01-12",1122.26001,1720500,"Up"
"2018-01-16",1121.76001,1575300,"Down"
"2018-01-17",1131.97998,1202600,"Up"
"2018-01-18",1129.790039,1198200,"Down"
"2018-01-19",1137.51001,1778200,"Up"
"2018-01-22",1155.810059,1618000,"Up"
"2018-01-23",1169.969971,1333100,"Up"
"2018-01-24",1164.23999,1416600,"Down"
"2018-01-25",1170.369995,1480500,"Down"
"2018-01-26",1175.839966,2018800,"Up"
"2018-01-29",1175.579956,1378900,"Down"
"2018-01-30",1163.689941,1556300,"Down"
"2018-01-31",1169.939941,1538700,"Down"
"2018-02-01",1167.699951,2412100,"Up"
"2018-02-02",1111.900024,4857900,"Down"
"2018-02-05",1055.800049,3798300,"Down"
"2018-02-06",1080.599976,3448000,"Up"
"2018-02-07",1048.579956,2369200,"Down"
"2018-02-08",1001.52002,2859100,"Down"
"2018-02-09",1037.780029,3505900,"Up"
"2018-02-12",1051.939941,2057700,"Up"
"2018-02-13",1052.099976,1265100,"Up"
"2018-02-14",1069.699951,1555800,"Up"
"2018-02-15",1089.52002,1843400,"Up"
"2018-02-16",1094.800049,1679500,"Up"
"2018-02-20",1102.459961,1423100,"Up"
"2018-02-21",1111.339966,1512900,"Up"
"2018-02-22",1106.630005,1317200,"Down"
"2018-02-23",1126.790039,1261000,"Up"
"2018-02-26",1143.75,1559100,"Up"
"2018-02-27",1118.290039,1774100,"Down"
"2018-02-28",1104.72998,1882600,"Down"
"2018-03-01",1069.52002,2515900,"Down"
"2018-03-02",1078.920044,2271600,"Up"
"2018-03-05",1090.930054,1202200,"Up"
"2018-03-06",1095.060059,1532800,"Down"
"2018-03-07",1109.640015,1292500,"Up"
"2018-03-08",1126,1355100,"Up"
"2018-03-09",1160.040039,2128000,"Up"
"2018-03-12",1164.5,2172300,"Up"
"2018-03-13",1138.170044,1907200,"Down"
"2018-03-14",1149.48999,1291400,"Up"
"2018-03-15",1149.579956,1395400,"Down"
"2018-03-16",1135.72998,3092000,"Down"
"2018-03-19",1099.819946,2805900,"Down"
"2018-03-20",1097.709961,1831900,"Down"
"2018-03-21",1090.880005,1878900,"Down"
"2018-03-22",1049.079956,2667000,"Down"
"2018-03-23",1021.570007,2156700,"Down"
"2018-03-26",1053.209961,2665100,"Up"
"2018-03-27",1005.099976,3095300,"Down"
"2018-03-28",1004.559998,3369300,"Up"
"2018-03-29",1031.790039,2726800,"Up"
"2018-04-02",1006.469971,2680400,"Down"
"2018-04-03",1013.409973,2275100,"Down"
"2018-04-04",1025.140015,2484700,"Up"
"2018-04-05",1027.810059,1363000,"Down"
"2018-04-06",1007.039978,1746400,"Down"
"2018-04-09",1015.450012,1751600,"Down"
"2018-04-10",1031.640015,1974500,"Up"
"2018-04-11",1019.969971,1483900,"Down"
"2018-04-12",1032.51001,1357000,"Up"
"2018-04-13",1029.27002,1223000,"Down"
"2018-04-16",1037.97998,1211200,"Up"
"2018-04-17",1074.160034,2320300,"Up"
"2018-04-18",1072.079956,1344100,"Down"
"2018-04-19",1087.699951,1747700,"Up"
"2018-04-20",1072.959961,1889700,"Down"
"2018-04-23",1067.449951,2341300,"Down"
"2018-04-24",1019.97998,4760300,"Down"
"2018-04-25",1021.179993,2391100,"Down"
"2018-04-26",1040.040039,2079500,"Up"
"2018-04-27",1030.050049,1619800,"Down"
"2018-04-30",1017.330017,1671300,"Down"
"2018-05-01",1037.310059,1427900,"Up"
"2018-05-02",1024.380005,1603100,"Down"
"2018-05-03",1023.719971,1815100,"Up"
"2018-05-04",1048.209961,1938700,"Up"
"2018-05-07",1054.790039,1466100,"Up"
"2018-05-08",1053.910034,1217700,"Down"
"2018-05-09",1082.76001,2032800,"Up"
"2018-05-10",1097.569946,1443000,"Up"
"2018-05-11",1098.26001,1253700,"Up"
"2018-05-14",1100.199951,1518100,"Up"
"2018-05-15",1079.22998,1494900,"Down"
"2018-05-16",1081.77002,1097300,"Up"
"2018-05-17",1078.589966,1043800,"Down"
"2018-05-18",1066.359985,1565200,"Up"
"2018-05-21",1079.579956,1023200,"Up"
"2018-05-22",1069.72998,1090000,"Down"
"2018-05-23",1079.689941,1060700,"Up"
"2018-05-24",1079.23999,766800,"Up"
"2018-05-25",1075.660034,899400,"Down"
"2018-05-29",1060.319946,1865100,"Down"
"2018-05-30",1067.800049,1138500,"Up"
"2018-05-31",1084.98999,3088300,"Up"
"2018-06-01",1119.5,2421600,"Up"
"2018-06-04",1139.290039,1889600,"Up"
"2018-06-05",1139.660034,1678000,"Down"
"2018-06-06",1136.880005,1698200,"Down"
"2018-06-07",1123.859985,1520000,"Down"
"2018-06-08",1120.869995,1290800,"Up"
"2018-06-11",1129.98999,1079300,"Up"
"2018-06-12",1139.319946,912000,"Up"
"2018-06-13",1134.790039,1506400,"Down"
"2018-06-14",1152.119995,1343400,"Up"
"2018-06-15",1152.26001,2122500,"Up"
"2018-06-18",1173.459961,1413700,"Up"
"2018-06-19",1168.060059,1621000,"Up"
"2018-06-20",1169.839966,1648500,"Down"
"2018-06-21",1157.660034,1238100,"Down"
"2018-06-22",1155.47998,1311000,"Down"
"2018-06-25",1124.810059,2157300,"Down"
"2018-06-26",1118.459961,1563200,"Down"
"2018-06-27",1103.97998,1293900,"Down"
"2018-06-28",1114.219971,1072400,"Up"
"2018-06-29",1115.650024,1315100,"Down"
"2018-07-02",1127.459961,1217300,"Up"
"2018-07-03",1102.890015,679000,"Down"
"2018-07-05",1124.27002,1066700,"Up"
"2018-07-06",1140.170044,996100,"Up"
"2018-07-09",1154.050049,909000,"Up"
"2018-07-10",1152.839966,798400,"Down"
"2018-07-11",1153.900024,1120000,"Up"
"2018-07-12",1183.47998,1251900,"Up"
"2018-07-13",1188.819946,1221900,"Up"
"2018-07-16",1183.859985,1055700,"Down"
"2018-07-17",1198.800049,1610400,"Up"
"2018-07-18",1195.880005,1393600,"Down"
"2018-07-19",1186.959961,1276700,"Down"
"2018-07-20",1184.910034,1247400,"Down"
"2018-07-23",1205.5,2619200,"Up"
"2018-07-24",1248.079956,3318200,"Down"
"2018-07-25",1263.699951,2127800,"Up"
"2018-07-26",1268.329956,2405600,"Up"
"2018-07-27",1238.5,2130600,"Down"
"2018-07-30",1219.73999,1849900,"Down"
"2018-07-31",1217.26001,1644700,"Down"
"2018-08-01",1220.01001,1567200,"Down"
"2018-08-02",1226.150024,1531300,"Up"
"2018-08-03",1223.709961,1089600,"Down"
"2018-08-06",1224.77002,1081700,"Down"
"2018-08-07",1242.219971,1494000,"Up"
"2018-08-08",1245.609985,1370300,"Up"
"2018-08-09",1249.099976,848600,"Down"
"2018-08-10",1237.609985,1108700,"Down"
"2018-08-13",1235.01001,997300,"Down"
"2018-08-14",1242.099976,1348100,"Up"
"2018-08-15",1214.380005,1828800,"Down"
"2018-08-16",1206.48999,1343200,"Down"
"2018-08-17",1200.959961,1389600,"Down"
"2018-08-20",1207.77002,870800,"Up"
"2018-08-21",1201.619995,1205600,"Down"
"2018-08-22",1207.329956,887400,"Up"
"2018-08-23",1205.380005,992600,"Down"
"2018-08-24",1220.650024,946600,"Up"
"2018-08-27",1241.819946,1156300,"Up"
"2018-08-28",1231.150024,1304000,"Down"
"2018-08-29",1249.300049,1298900,"Up"
"2018-08-30",1239.119995,1331400,"Down"
"2018-08-31",1218.189941,1816400,"Down"
"2018-09-04",1197,1831000,"Down"
"2018-09-05",1186.47998,2061300,"Down"
"2018-09-06",1171.439941,1888500,"Down"
"2018-09-07",1164.829956,1401300,"Up"
"2018-09-10",1164.640015,1115400,"Down"
"2018-09-11",1177.359985,1209300,"Up"
"2018-09-12",1162.819946,1295500,"Down"
"2018-09-13",1175.329956,1431200,"Up"
"2018-09-14",1172.530029,944000,"Down"
"2018-09-17",1156.050049,1306500,"Down"
"2018-09-18",1161.219971,1203600,"Up"
"2018-09-19",1171.089966,1191400,"Up"
"2018-09-20",1186.869995,1225400,"Up"
"2018-09-21",1166.089966,4405600,"Down"
"2018-09-24",1173.369995,1271000,"Up"
"2018-09-25",1184.650024,977700,"Up"
"2018-09-26",1180.48999,1462300,"Down"
"2018-09-27",1194.640015,1260800,"Up"
"2018-09-28",1193.469971,1380600,"Up"
"2018-10-01",1195.310059,1357600,"Down"
"2018-10-02",1200.109985,1687900,"Up"
"2018-10-03",1202.949951,1256200,"Down"
"2018-10-04",1168.189941,2209500,"Down"
"2018-10-05",1157.349976,1184300,"Down"
"2018-10-08",1148.969971,1932400,"Down"
"2018-10-09",1138.819946,1308700,"Down"
"2018-10-10",1081.219971,2675700,"Down"
"2018-10-11",1079.319946,2949000,"Up"
"2018-10-12",1110.079956,2101300,"Up"
"2018-10-15",1092.25,1372400,"Down"
"2018-10-16",1121.280029,1928500,"Up"
"2018-10-17",1115.689941,1467200,"Down"
"2018-10-18",1087.969971,2094500,"Down"
"2018-10-19",1096.459961,1267600,"Up"
"2018-10-22",1101.160034,1514200,"Down"
"2018-10-23",1103.689941,1848700,"Up"
"2018-10-24",1050.709961,1982400,"Down"
"2018-10-25",1095.569946,2545800,"Up"
"2018-10-26",1071.469971,4187600,"Up"
"2018-10-29",1020.080017,3880700,"Down"
"2018-10-30",1036.209961,3212700,"Up"
"2018-10-31",1076.77002,2529800,"Up"
"2018-11-01",1070,1482000,"Down"
"2018-11-02",1057.790039,1839000,"Down"
"2018-11-05",1040.089966,2441400,"Down"
"2018-11-06",1055.810059,1233300,"Up"
"2018-11-07",1093.390015,2058400,"Up"
"2018-11-08",1082.400024,1488200,"Down"
"2018-11-09",1066.150024,1343200,"Down"
"2018-11-12",1038.630005,1471800,"Down"
"2018-11-13",1036.050049,1513700,"Down"
"2018-11-14",1043.660034,1565900,"Down"
"2018-11-15",1064.709961,1836100,"Up"
"2018-11-16",1061.48999,1658100,"Up"
"2018-11-19",1020,1858600,"Down"
"2018-11-20",1025.76001,2449100,"Up"
"2018-11-21",1037.609985,1534300,"Up"
"2018-11-23",1023.880005,691500,"Down"
"2018-11-26",1048.619995,1942800,"Up"
"2018-11-27",1044.410034,1803200,"Up"
"2018-11-28",1086.22998,2475400,"Up"
"2018-11-29",1088.300049,1468900,"Up"
"2018-11-30",1094.430054,2580200,"Up"
"2018-12-03",1106.430054,1991200,"Down"
"2018-12-04",1050.819946,2345200,"Down"
"2018-12-06",1068.72998,2769200,"Up"
"2018-12-07",1036.579956,2101200,"Down"
"2018-12-10",1039.550049,1807700,"Up"
"2018-12-11",1051.75,1394700,"Down"
"2018-12-12",1063.680054,1523800,"Down"
"2018-12-13",1061.900024,1329800,"Down"
"2018-12-14",1042.099976,1686600,"Down"
"2018-12-17",1016.530029,2385400,"Down"
"2018-12-18",1028.709961,2192500,"Up"
"2018-12-19",1023.01001,2479300,"Down"
"2018-12-20",1009.409973,2673500,"Down"
"2018-12-21",979.539978,4596000,"Down"
"2018-12-24",976.219971,1590300,"Up"
"2018-12-26",1039.459961,2373300,"Up"
"2018-12-27",1043.880005,2109800,"Up"
"2018-12-28",1037.079956,1414800,"Down"
"2018-12-31",1035.609985,1493300,"Down"
"2019-01-02",1045.849976,1532600,"Up"
"2019-01-03",1016.059998,1841100,"Down"
"2019-01-04",1070.709961,2093900,"Up"
"2019-01-07",1068.390015,1981900,"Down"
"2019-01-08",1076.280029,1764900,"Up"
"2019-01-09",1074.660034,1199300,"Down"
"2019-01-10",1070.329956,1456400,"Up"
"2019-01-11",1057.189941,1520800,"Down"
"2019-01-14",1044.689941,1144300,"Down"
"2019-01-15",1077.150024,1463600,"Up"
"2019-01-16",1080.969971,1331800,"Up"
"2019-01-17",1089.900024,1242700,"Up"
"2019-01-18",1098.26001,1955600,"Down"
"2019-01-22",1070.52002,1613500,"Down"
"2019-01-23",1075.569946,967000,"Down"
"2019-01-24",1073.900024,1361300,"Down"
"2019-01-25",1090.98999,1119100,"Up"
"2019-01-28",1070.079956,1284300,"Down"
"2019-01-29",1060.619995,1021800,"Down"
"2019-01-30",1089.060059,1279800,"Up"
"2019-01-31",1116.369995,1538300,"Up"
"2019-02-01",1110.75,1462200,"Down"
"2019-02-04",1132.800049,2576500,"Up"
"2019-02-05",1145.98999,3552200,"Up"
"2019-02-06",1115.22998,2105600,"Down"
"2019-02-07",1098.709961,2044800,"Down"
"2019-02-08",1095.060059,1075800,"Up"
"2019-02-11",1095.01001,1065200,"Down"
"2019-02-12",1121.369995,1609100,"Up"
"2019-02-13",1120.160034,1049800,"Down"
"2019-02-14",1121.670044,947600,"Up"
"2019-02-15",1113.650024,1449800,"Down"
"2019-02-19",1118.560059,1046400,"Up"
"2019-02-20",1113.800049,1087800,"Down"
"2019-02-21",1096.969971,1415100,"Down"
"2019-02-22",1110.369995,1049500,"Up"
"2019-02-25",1109.400024,1413100,"Down"
"2019-02-26",1115.130005,1471300,"Up"
"2019-02-27",1116.050049,968400,"Up"
"2019-02-28",1119.920044,1542500,"Up"
"2019-03-01",1140.98999,1450300,"Up"
"2019-03-04",1147.800049,1446000,"Up"
"2019-03-05",1162.030029,1443200,"Up"
"2019-03-06",1157.859985,1099300,"Down"
"2019-03-07",1143.300049,1166600,"Down"
"2019-03-08",1142.319946,1212400,"Up"
"2019-03-11",1175.76001,1719200,"Up"
"2019-03-12",1193.199951,2013100,"Up"
"2019-03-13",1193.319946,1435900,"Down"
"2019-03-14",1185.550049,1172800,"Down"
"2019-03-15",1184.459961,2461800,"Down"
"2019-03-18",1184.26001,1292600,"Up"
"2019-03-19",1198.849976,1520700,"Up"
"2019-03-20",1223.969971,2227400,"Up"
"2019-03-21",1231.540039,1204000,"Up"
"2019-03-22",1205.5,1714200,"Down"
"2019-03-25",1193,1496800,"Down"
"2019-03-26",1184.619995,1901200,"Down"
"2019-03-27",1173.02002,1400200,"Down"
"2019-03-28",1168.48999,961700,"Down"
"2019-03-29",1173.310059,1269900,"Down"
"2019-04-01",1194.430054,1252500,"Up"
"2019-04-02",1200.48999,827900,"Up"
"2019-04-03",1205.920044,1014300,"Down"
"2019-04-04",1215,950000,"Up"
"2019-04-05",1207.150024,907200,"Down"
"2019-04-08",1203.839966,860200,"Down"
"2019-04-09",1197.25,876400,"Up"
"2019-04-10",1202.160034,724600,"Up"
"2019-04-11",1204.619995,710200,"Up"
"2019-04-12",1217.869995,933400,"Up"
"2019-04-15",1221.099976,1187400,"Up"
"2019-04-16",1227.130005,856300,"Up"
"2019-04-17",1236.339966,1221900,"Up"
"2019-04-18",1236.369995,1331800,"Down"
"2019-04-22",1248.839966,807300,"Up"
"2019-04-23",1264.550049,1319900,"Up"
"2019-04-24",1256,1018800,"Down"
"2019-04-25",1263.449951,1107300,"Down"
"2019-04-26",1272.180054,1241400,"Up"
"2019-04-29",1287.579956,2499400,"Up"
"2019-04-30",1188.47998,6207000,"Up"
"2019-05-01",1168.079956,2639200,"Down"
"2019-05-02",1162.609985,1944800,"Down"
"2019-05-03",1185.400024,1980700,"Up"
"2019-05-06",1189.390015,1563900,"Up"
"2019-05-07",1174.099976,1551400,"Down"
"2019-05-08",1166.27002,1309300,"Down"
"2019-05-09",1162.380005,1185700,"Up"
"2019-05-10",1164.27002,1314500,"Up"
"2019-05-13",1132.030029,1860600,"Down"
"2019-05-14",1120.439941,1836600,"Down"
"2019-05-15",1164.209961,2289300,"Up"
"2019-05-16",1178.97998,1531400,"Up"
"2019-05-17",1162.300049,1208600,"Down"
"2019-05-20",1138.849976,1353300,"Down"
"2019-05-21",1149.630005,1159800,"Up"
"2019-05-22",1151.420044,914500,"Up"
"2019-05-23",1140.77002,1198900,"Up"
"2019-05-24",1133.469971,1112000,"Down"
"2019-05-28",1134.150024,1365000,"Up"
"2019-05-29",1116.459961,1538200,"Down"
"2019-05-30",1117.949951,951900,"Up"
"2019-05-31",1103.630005,1507800,"Up"
"2019-06-03",1036.22998,5130600,"Down"
"2019-06-04",1053.050049,2833500,"Up"
"2019-06-05",1042.219971,2168400,"Down"
"2019-06-06",1044.339966,1703200,"Down"
"2019-06-07",1066.040039,1802400,"Up"
"2019-06-10",1080.380005,1464200,"Up"
"2019-06-11",1078.719971,1436700,"Down"
"2019-06-12",1077.030029,1061000,"Down"
"2019-06-13",1088.77002,1057700,"Up"
"2019-06-14",1085.349976,1111500,"Down"
"2019-06-17",1092.5,941600,"Up"
"2019-06-18",1103.599976,1386700,"Down"
"2019-06-19",1102.329956,1338800,"Down"
"2019-06-20",1111.420044,1262000,"Down"
"2019-06-21",1121.880005,1947600,"Up"
"2019-06-24",1115.52002,1395600,"Down"
"2019-06-25",1086.349976,1546900,"Down"
"2019-06-26",1079.800049,1810900,"Down"
"2019-06-27",1076.01001,1004300,"Down"
"2019-06-28",1080.910034,1693200,"Up"
"2019-07-01",1097.949951,1436300,"Down"
"2019-07-02",1111.25,991600,"Up"
"2019-07-03",1121.579956,767000,"Up"
"2019-07-05",1131.589966,1264300,"Up"
"2019-07-08",1116.349976,1236400,"Down"
"2019-07-09",1124.829956,1330400,"Up"
"2019-07-10",1140.47998,1209500,"Up"
"2019-07-11",1144.209961,1195500,"Up"
"2019-07-12",1144.900024,864000,"Up"
"2019-07-15",1150.339966,903800,"Up"
"2019-07-16",1153.579956,1238800,"Up"
"2019-07-17",1146.349976,1170000,"Down"
"2019-07-18",1146.329956,1290700,"Up"
"2019-07-19",1130.099976,1647200,"Down"
"2019-07-22",1138.069946,1301500,"Up"
"2019-07-23",1146.209961,1093700,"Up"
"2019-07-24",1137.810059,1589800,"Up"
"2019-07-25",1132.119995,2209800,"Down"
"2019-07-26",1250.410034,4805800,"Up"
"2019-07-29",1239.410034,2223700,"Down"
"2019-07-30",1225.140015,1453300,"Down"
"2019-07-31",1216.680054,1725500,"Down"
"2019-08-01",1209.01001,1698500,"Down"
"2019-08-02",1193.98999,1645100,"Down"
"2019-08-05",1152.319946,2597500,"Down"
"2019-08-06",1169.949951,1709400,"Up"
"2019-08-07",1173.98999,1444300,"Up"
"2019-08-08",1204.800049,1468000,"Up"
"2019-08-09",1188.01001,1065700,"Down"
"2019-08-12",1174.709961,1003000,"Down"
"2019-08-13",1197.27002,1294400,"Up"
"2019-08-14",1164.290039,1578700,"Down"
"2019-08-15",1167.26001,1218700,"Up"
"2019-08-16",1177.599976,1313300,"Down"
"2019-08-19",1198.449951,1231600,"Up"
"2019-08-20",1182.689941,915500,"Down"
"2019-08-21",1191.25,740700,"Down"
"2019-08-22",1189.530029,947500,"Down"
"2019-08-23",1151.290039,1687000,"Down"
"2019-08-26",1168.890015,1226100,"Up"
"2019-08-27",1167.839966,1077200,"Down"
"2019-08-28",1171.02002,802000,"Up"
"2019-08-29",1192.849976,1088400,"Up"
"2019-08-30",1188.099976,1129800,"Down"
"2019-09-03",1168.390015,1479900,"Down"
"2019-09-04",1181.410034,1068900,"Up"
"2019-09-05",1211.380005,1408100,"Up"
"2019-09-06",1204.930054,1072100,"Down"
"2019-09-09",1204.410034,1471900,"Up"
"2019-09-10",1206,1260100,"Up"
"2019-09-11",1220.170044,1307000,"Up"
"2019-09-12",1234.25,1725900,"Up"
"2019-09-13",1239.560059,1301400,"Up"
"2019-09-16",1231.300049,1053300,"Up"
"2019-09-17",1229.150024,955100,"Down"
"2019-09-18",1232.410034,1135100,"Up"
"2019-09-19",1238.709961,996000,"Up"
"2019-09-20",1229.930054,2270000,"Down"
"2019-09-23",1234.030029,1062400,"Up"
"2019-09-24",1218.76001,1583200,"Down"
"2019-09-25",1246.52002,1453000,"Up"
"2019-09-26",1241.390015,1538000,"Down"
"2019-09-27",1225.089966,1353900,"Down"
"2019-09-30",1219,1404100,"Down"
"2019-10-01",1205.099976,1273500,"Down"
"2019-10-02",1176.630005,1615100,"Down"
"2019-10-03",1187.829956,1621200,"Up"
"2019-10-04",1209,1162400,"Up"
"2019-10-07",1207.680054,842900,"Up"
"2019-10-08",1189.130005,1039300,"Down"
"2019-10-09",1202.310059,867700,"Up"
"2019-10-10",1208.670044,846600,"Up"
"2019-10-11",1215.449951,1272700,"Down"
"2019-10-14",1217.140015,867500,"Up"
"2019-10-15",1243.01001,1381700,"Up"
"2019-10-16",1243.640015,1094600,"Up"
"2019-10-17",1253.069946,952400,"Up"
"2019-10-18",1245.48999,1352800,"Down"
"2019-10-21",1246.150024,1027200,"Down"
"2019-10-22",1242.800049,1023800,"Down"
"2019-10-23",1259.130005,911500,"Up"
"2019-10-24",1260.98999,1028100,"Up"
"2019-10-25",1265.130005,1213100,"Up"
"2019-10-28",1290,2613200,"Up"
"2019-10-29",1262.619995,1886400,"Down"
"2019-10-30",1261.290039,1408900,"Up"
"2019-10-31",1260.109985,1455700,"Down"
"2019-11-01",1273.73999,1670100,"Up"
"2019-11-04",1291.369995,1501000,"Up"
"2019-11-05",1292.030029,1282700,"Down"
"2019-11-06",1291.800049,1153000,"Up"
"2019-11-07",1308.859985,2030000,"Up"
"2019-11-08",1311.369995,1251400,"Up"
"2019-11-11",1299.189941,1011900,"Down"
"2019-11-12",1298.800049,1085900,"Down"
"2019-11-13",1298,826700,"Up"
"2019-11-14",1311.459961,1193500,"Up"
"2019-11-15",1334.869995,1782600,"Up"
"2019-11-18",1320.699951,1487400,"Down"
"2019-11-19",1315.459961,1269200,"Down"
"2019-11-20",1303.050049,1308600,"Down"
"2019-11-21",1301.349976,995500,"Down"
"2019-11-22",1295.339966,1385700,"Down"
"2019-11-25",1306.689941,1036200,"Up"
"2019-11-26",1313.550049,1069700,"Up"
"2019-11-27",1312.98999,995600,"Down"
"2019-11-29",1304.959961,587000,"Down"
"2019-12-02",1289.920044,1510900,"Down"
"2019-12-03",1295.280029,1143800,"Up"
"2019-12-04",1320.540039,1537500,"Up"
"2019-12-05",1328.130005,1212700,"Up"
"2019-12-06",1340.619995,1314800,"Up"
"2019-12-09",1343.560059,1354300,"Up"
"2019-12-10",1344.660034,1094100,"Up"
"2019-12-11",1345.02002,850400,"Down"
"2019-12-12",1350.27002,1281000,"Up"
"2019-12-13",1347.829956,1549600,"Down"
"2019-12-16",1361.170044,1397300,"Up"
"2019-12-17",1355.119995,1854000,"Down"
"2019-12-18",1352.619995,1522600,"Down"
"2019-12-19",1356.040039,1469900,"Up"
"2019-12-20",1349.589966,3315000,"Down"
"2019-12-23",1348.839966,883100,"Down"
"2019-12-24",1343.560059,347500,"Down"
"2019-12-26",1360.400024,667500,"Up"
"2019-12-27",1351.890015,1038400,"Down"
"2019-12-30",1336.140015,1050900,"Down"
"2019-12-31",1337.02002,961800,"Up"
"2020-01-02",1367.369995,1406600,"Up"
"2020-01-03",1360.660034,1186400,"Up"
"2020-01-06",1394.209961,1732300,"Up"
"2020-01-07",1393.339966,1502700,"Down"
"2020-01-08",1404.319946,1528000,"Up"
"2020-01-09",1419.829956,1500900,"Down"
"2020-01-10",1429.72998,1820700,"Up"
"2020-01-13",1439.22998,1652300,"Up"
"2020-01-14",1430.880005,1558900,"Down"
"2020-01-15",1439.199951,1282700,"Up"
"2020-01-16",1451.699951,1173700,"Up"
"2020-01-17",1480.390015,2396200,"Up"
"2020-01-21",1484.400024,2036700,"Up"
"2020-01-22",1485.949951,1610800,"Down"
"2020-01-23",1486.650024,1351200,"Down"
"2020-01-24",1466.709961,1784600,"Down"
"2020-01-27",1433.900024,1755200,"Up"
"2020-01-28",1452.560059,1577400,"Up"
"2020-01-29",1458.630005,1077700,"Down"
"2020-01-30",1455.839966,1339400,"Up"
"2020-01-31",1434.22998,2417200,"Down"
"2020-02-03",1485.939941,3036800,"Up"
"2020-02-04",1447.069946,3933000,"Down"
"2020-02-05",1448.22998,1986200,"Down"
"2020-02-06",1476.22998,1679400,"Up"
"2020-02-07",1479.22998,1172300,"Up"
"2020-02-10",1508.680054,1419900,"Up"
"2020-02-11",1508.790039,1344600,"Down"
"2020-02-12",1518.27002,1167600,"Up"
"2020-02-13",1514.660034,929500,"Up"
"2020-02-14",1520.73999,1197800,"Up"
"2020-02-18",1519.670044,1120700,"Up"
"2020-02-19",1526.689941,949300,"Up"
"2020-02-20",1518.150024,1096600,"Down"
"2020-02-21",1485.109985,1731700,"Down"
"2020-02-24",1421.589966,2867100,"Down"
"2020-02-25",1388.449951,2478300,"Down"
"2020-02-26",1393.180054,2202400,"Down"
"2020-02-27",1318.089966,2978300,"Down"
"2020-02-28",1339.329956,3789100,"Up"
"2020-03-02",1389.109985,2431500,"Up"
"2020-03-03",1341.390015,2402300,"Down"
"2020-03-04",1386.52002,1913300,"Up"
"2020-03-05",1319.040039,2561300,"Down"
"2020-03-06",1298.410034,2660600,"Up"
"2020-03-09",1215.560059,3365400,"Up"
"2020-03-10",1280.390015,2611400,"Up"
"2020-03-11",1215.410034,2608500,"Down"
"2020-03-12",1114.910034,4226700,"Down"
"2020-03-13",1219.72998,3700100,"Up"
"2020-03-16",1084.329956,4252400,"Down"
"2020-03-17",1119.800049,3861500,"Up"
"2020-03-18",1096.800049,4233400,"Up"
"2020-03-19",1115.290039,3651100,"Up"
"2020-03-20",1072.319946,3601800,"Down"
"2020-03-23",1056.619995,4044100,"Down"
"2020-03-24",1134.459961,3344500,"Up"
"2020-03-25",1102.48999,4081500,"Down"
"2020-03-26",1161.75,3571700,"Up"
"2020-03-27",1110.709961,3208500,"Down"
"2020-03-30",1146.819946,2574100,"Up"
"2020-03-31",1162.810059,2486400,"Up"
"2020-04-01",1105.619995,2344200,"Down"
"2020-04-02",1120.839966,1964900,"Up"
"2020-04-03",1097.880005,2313400,"Down"
"2020-04-06",1186.920044,2664700,"Up"
"2020-04-07",1186.51001,2387300,"Down"
"2020-04-08",1210.280029,1975100,"Up"
"2020-04-09",1211.449951,2175400,"Down"
"2020-04-13",1217.560059,1739800,"Up"
"2020-04-14",1269.22998,2470400,"Up"
"2020-04-15",1262.469971,1671700,"Up"
"2020-04-16",1263.469971,2518100,"Down"
"2020-04-17",1283.25,1949000,"Down"
"2020-04-20",1266.609985,1695500,"Down"
"2020-04-21",1216.339966,2153000,"Down"
"2020-04-22",1263.209961,2092400,"Up"
"2020-04-23",1276.310059,1566200,"Up"
"2020-04-24",1279.310059,1639600,"Up"
"2020-04-27",1275.880005,1600600,"Down"
"2020-04-28",1233.670044,2951300,"Down"
"2020-04-29",1341.47998,3793600,"Up"
"2020-04-30",1348.660034,2668900,"Up"
"2020-05-01",1320.609985,2072500,"Down"
"2020-05-04",1326.800049,1504000,"Up"
"2020-05-05",1351.109985,1651500,"Up"
"2020-05-06",1347.300049,1215400,"Down"
"2020-05-07",1372.560059,1397600,"Up"
"2020-05-08",1388.369995,1386900,"Up"
"2020-05-11",1403.26001,1412100,"Up"
"2020-05-12",1375.73999,1390600,"Down"
"2020-05-13",1349.329956,1812600,"Down"
"2020-05-14",1356.130005,1603100,"Up"
"2020-05-15",1373.189941,1707700,"Up"
"2020-05-18",1383.939941,1822400,"Up"
"2020-05-19",1373.484985,1280600,"Down"
"2020-05-20",1406.719971,1655400,"Up"
"2020-05-21",1402.800049,1385000,"Down"
"2020-05-22",1410.420044,1309400,"Up"
"2020-05-26",1417.02002,2060600,"Down"
"2020-05-27",1417.839966,1685800,"Up"
"2020-05-28",1416.72998,1692200,"Up"
"2020-05-29",1428.920044,1820900,"Up"
"2020-06-01",1431.819946,1217100,"Up"
"2020-06-02",1439.219971,1278100,"Up"
"2020-06-03",1436.380005,1256200,"Down"
"2020-06-04",1412.180054,1484300,"Down"
"2020-06-05",1438.390015,1734900,"Up"
"2020-06-08",1446.609985,1404200,"Up"
"2020-06-09",1456.160034,1409200,"Up"
"2020-06-10",1465.849976,1525200,"Up"
"2020-06-11",1403.839966,1991300,"Down"
"2020-06-12",1413.180054,1946400,"Down"
"2020-06-15",1419.849976,1503900,"Up"
"2020-06-16",1442.719971,1709200,"Down"
"2020-06-17",1451.119995,1549600,"Up"
"2020-06-18",1435.959961,1581900,"Down"
"2020-06-19",1431.719971,3157900,"Down"
"2020-06-22",1451.859985,1542400,"Up"
"2020-06-23",1464.410034,1429800,"Up"
"2020-06-24",1431.969971,1756000,"Down"
"2020-06-25",1441.329956,1230500,"Up"
"2020-06-26",1359.900024,4267700,"Down"
"2020-06-29",1394.969971,1810200,"Up"
"2020-06-30",1413.609985,2042400,"Up"
"2020-07-01",1438.040039,1775200,"Up"
"2020-07-02",1464.699951,1859100,"Up"
"2020-07-06",1495.699951,1564000,"Up"
"2020-07-07",1485.180054,1458200,"Down"
"2020-07-08",1496,1249700,"Up"
"2020-07-09",1510.98999,1423300,"Up"
"2020-07-10",1541.73999,1856300,"Up"
"2020-07-13",1511.339966,1846400,"Down"
"2020-07-14",1520.579956,1585000,"Up"
"2020-07-15",1513.640015,1610700,"Down"
"2020-07-16",1518,1519300,"Up"
"2020-07-17",1515.550049,1456700,"Down"
"2020-07-20",1565.719971,1557300,"Up"
"2020-07-21",1558.420044,1216200,"Down"
"2020-07-22",1568.48999,932000,"Up"
"2020-07-23",1515.680054,1627600,"Down"
"2020-07-24",1511.869995,1544000,"Up"
"2020-07-27",1530.199951,1246000,"Up"
"2020-07-28",1500.339966,1702200,"Down"
"2020-07-29",1522.02002,1106500,"Up"
"2020-07-30",1531.449951,1671400,"Up"
"2020-07-31",1482.959961,3439900,"Down"
"2020-08-03",1474.449951,2330200,"Down"
"2020-08-04",1464.969971,1903500,"Down"
"2020-08-05",1473.609985,1979500,"Up"
"2020-08-06",1500.099976,1995400,"Up"
"2020-08-07",1494.48999,1577800,"Down"
"2020-08-10",1496.099976,1289300,"Up"
"2020-08-11",1480.319946,1454400,"Down"
"2020-08-12",1506.619995,1437000,"Up"
"2020-08-13",1518.449951,1455200,"Up"
"2020-08-14",1507.72998,1354800,"Down"
"2020-08-17",1517.97998,1378300,"Up"
"2020-08-18",1558.599976,2027100,"Up"
"2020-08-19",1547.530029,1660600,"Down"
"2020-08-20",1581.75,1706900,"Up"
"2020-08-21",1580.420044,1446500,"Up"
"2020-08-24",1588.199951,1409900,"Down"
"2020-08-25",1608.219971,2247100,"Up"
"2020-08-26",1652.380005,3993400,"Up"
"2020-08-27",1634.329956,1861600,"Down"
"2020-08-28",1644.410034,1499000,"Up"
"2020-08-31",1634.180054,1823400,"Down"
"2020-09-01",1660.709961,1825300,"Up"
"2020-09-02",1728.280029,2511200,"Up"
"2020-09-03",1641.839966,3107800,"Down"
"2020-09-04",1591.040039,2608600,"Down"
"2020-09-08",1532.390015,2610900,"Down"
"2020-09-09",1556.959961,1774700,"Down"
"2020-09-10",1532.02002,1618600,"Down"
"2020-09-11",1520.719971,1597100,"Down"
"2020-09-14",1519.280029,1696600,"Down"
"2020-09-15",1541.439941,1331100,"Up"
"2020-09-16",1520.900024,1311700,"Down"
"2020-09-17",1495.530029,1879800,"Down"
"2020-09-18",1459.98999,3103900,"Down"
"2020-09-21",1431.160034,2888800,"Down"
"2020-09-22",1465.459961,1583200,"Up"
"2020-09-23",1415.209961,1657400,"Down"
"2020-09-24",1428.290039,1450200,"Up"
"2020-09-25",1444.959961,1323000,"Up"
"2020-09-28",1464.52002,2007900,"Down"
"2020-09-29",1469.329956,978200,"Down"
"2020-09-30",1469.599976,1701600,"Up"
"2020-10-01",1490.089966,1779500,"Up"
"2020-10-02",1458.420044,1284100,"Down"
"2020-10-05",1486.02002,1113300,"Up"
"2020-10-06",1453.439941,1245400,"Down"
"2020-10-07",1460.290039,1746200,"Down"
"2020-10-08",1485.930054,1187800,"Up"
"2020-10-09",1515.219971,1435300,"Up"
"2020-10-12",1569.150024,2482600,"Up"
"2020-10-13",1571.680054,1601000,"Down"
"2020-10-14",1568.079956,1929300,"Down"
"2020-10-15",1559.130005,1540000,"Up"
"2020-10-16",1573.01001,1434700,"Up"
"2020-10-19",1534.609985,1607100,"Down"
"2020-10-20",1555.930054,2241700,"Up"
"2020-10-21",1593.310059,2568300,"Up"
"2020-10-22",1615.329956,1433600,"Up"
"2020-10-23",1641,1375800,"Up"
"2020-10-26",1590.449951,1853300,"Down"
"2020-10-27",1604.26001,1229000,"Up"
"2020-10-28",1516.619995,1834000,"Down"
"2020-10-29",1567.23999,2003100,"Up"
"2020-10-30",1621.01001,4329100,"Down"
"2020-11-02",1626.030029,2535400,"Down"
"2020-11-03",1650.209961,1661700,"Up"
"2020-11-04",1749.130005,3570900,"Up"
"2020-11-05",1763.369995,2065800,"Down"
"2020-11-06",1761.75,1660900,"Up"
"2020-11-09",1763,2268300,"Down"
"2020-11-10",1740.390015,2636100,"Up"
"2020-11-11",1752.709961,1264000,"Up"
"2020-11-12",1749.839966,1247500,"Up"
"2020-11-13",1777.02002,1499900,"Up"
"2020-11-16",1781.380005,1246800,"Up"
"2020-11-17",1770.150024,1147100,"Down"
"2020-11-18",1746.780029,1173500,"Down"
"2020-11-19",1763.920044,1249900,"Up"
"2020-11-20",1742.189941,2313500,"Down"
"2020-11-23",1734.859985,2161600,"Down"
"2020-11-24",1768.880005,1578000,"Up"
"2020-11-25",1771.430054,1045800,"Down"
"2020-11-27",1793.189941,884900,"Up"
"2020-11-30",1760.73999,1823800,"Down"
"2020-12-01",1798.099976,1736900,"Up"
"2020-12-02",1827.949951,1222000,"Up"
"2020-12-03",1826.77002,1227300,"Up"
"2020-12-04",1827.98999,1378200,"Up"
"2020-12-07",1819.47998,1320900,"Up"
"2020-12-08",1818.550049,1096300,"Up"
"2020-12-09",1784.130005,1507600,"Down"
"2020-12-10",1775.329956,1362800,"Up"
"2020-12-11",1781.77002,1220700,"Up"
"2020-12-14",1760.060059,1600200,"Down"
"2020-12-15",1767.77002,1482300,"Up"
"2020-12-16",1763,1513500,"Down"
"2020-12-17",1747.900024,1624700,"Down"
"2020-12-18",1731.01001,4016400,"Down"
"2020-12-21",1739.369995,1828400,"Up"
"2020-12-22",1723.5,936700,"Down"
"2020-12-23",1732.380005,1033800,"Up"
"2020-12-24",1738.849976,346800,"Up"
"2020-12-28",1776.089966,1393000,"Up"
"2020-12-29",1758.719971,1299400,"Down"
"2020-12-30",1739.52002,1306100,"Down"
"2020-12-31",1751.880005,1011900,"Up"
"2021-01-04",1728.23999,1901900,"Down"
"2021-01-05",1740.920044,1145300,"Up"
"2021-01-06",1735.290039,2602100,"Up"
"2021-01-07",1787.25,2265000,"Up"
"2021-01-08",1807.209961,2050600,"Up"
"2021-01-11",1766.719971,1209700,"Down"
"2021-01-12",1746.550049,1357000,"Down"
"2021-01-13",1754.400024,1094100,"Up"
"2021-01-14",1740.180054,1179500,"Down"
"2021-01-15",1736.189941,1342200,"Down"
"2021-01-19",1790.859985,1734600,"Up"
"2021-01-20",1886.900024,2490300,"Up"
"2021-01-21",1891.25,2063900,"Down"
"2021-01-22",1901.050049,1272100,"Up"
"2021-01-25",1899.400024,1927300,"Down"
"2021-01-26",1917.23999,1313100,"Up"
"2021-01-27",1830.790039,2748300,"Down"
"2021-01-28",1863.109985,1773100,"Up"
"2021-01-29",1835.73999,1612600,"Down"
"2021-02-01",1901.349976,1602200,"Up"
"2021-02-02",1927.51001,2273700,"Up"
"2021-02-03",2070.070068,4118200,"Down"
"2021-02-04",2062.370117,1852300,"Down"
"2021-02-05",2098,1535100,"Up"
"2021-02-08",2092.909912,1241900,"Down"
"2021-02-09",2083.51001,889900,"Up"
"2021-02-10",2095.379883,1135500,"Up"
"2021-02-11",2095.889893,945700,"Down"
"2021-02-12",2104.110107,855700,"Up"
"2021-02-16",2121.899902,1133800,"Up"
"2021-02-17",2128.310059,1070900,"Up"
"2021-02-18",2117.199951,1121600,"Up"
"2021-02-19",2101.139893,1457400,"Down"
"2021-02-22",2064.879883,1367500,"Down"
"2021-02-23",2070.860107,1667400,"Up"
"2021-02-24",2095.169922,1248300,"Up"
"2021-02-25",2031.359985,1828400,"Down"
"2021-02-26",2036.859985,2083500,"Down"
"2021-03-01",2081.51001,1404500,"Up"
"2021-03-02",2075.840088,1134600,"Down"
"2021-03-03",2026.709961,1484200,"Down"
"2021-03-04",2049.090088,2118000,"Up"
"2021-03-05",2108.540039,2195200,"Up"
"2021-03-08",2024.170044,1647400,"Down"
"2021-03-09",2052.699951,1697300,"Down"
"2021-03-10",2055.030029,1268600,"Down"
"2021-03-11",2114.77002,1239100,"Up"
"2021-03-12",2061.919922,1725800,"Down"
"2021-03-15",2066.48999,1298100,"Up"
"2021-03-16",2092.52002,1491600,"Up"
"2021-03-17",2091.080078,1299000,"Up"
"2021-03-18",2036.219971,1361400,"Down"
"2021-03-19",2043.199951,2314900,"Up"
"2021-03-22",2038.589966,1954800,"Down"
"2021-03-23",2052.959961,1367000,"Up"
"2021-03-24",2045.060059,1154000,"Down"
"2021-03-25",2044.359985,1418900,"Down"
"2021-03-26",2035.550049,1493500,"Down"
"2021-03-29",2055.949951,1229800,"Up"
"2021-03-30",2055.540039,1036600,"Down"
"2021-03-31",2068.629883,1459900,"Up"
"2021-04-01",2137.75,1699000,"Up"
"2021-04-05",2225.550049,2164900,"Up"
"2021-04-06",2224.75,1353000,"Up"
"2021-04-07",2249.679932,1289900,"Up"
"2021-04-08",2265.439941,1358300,"Down"
"2021-04-09",2285.879883,1044400,"Up"
"2021-04-12",2254.790039,1565900,"Down"
"2021-04-13",2267.27002,1165500,"Up"
"2021-04-14",2254.840088,1011000,"Down"
"2021-04-15",2296.659912,1373600,"Up"
"2021-04-16",2297.76001,1129800,"Down"
"2021-04-19",2302.399902,1234400,"Up"
"2021-04-20",2293.629883,1088700,"Down"
"2021-04-21",2293.290039,1196500,"Up"
"2021-04-22",2267.919922,1054800,"Down"
"2021-04-23",2315.300049,1433500,"Up"
"2021-04-26",2326.73999,1041700,"Up"
"2021-04-27",2307.120117,1598600,"Down"
"2021-04-28",2379.909912,2986400,"Down"
"2021-04-29",2429.889893,1977700,"Up"
"2021-04-30",2410.120117,1957100,"Up"
"2021-05-03",2395.169922,1689400,"Down"
"2021-05-04",2354.25,1756000,"Down"
"2021-05-05",2356.73999,1090300,"Down"
"2021-05-06",2381.350098,1030900,"Up"
"2021-05-07",2398.689941,1163600,"Down"
"2021-05-10",2341.659912,1300300,"Down"
"2021-05-11",2308.76001,1605500,"Up"
"2021-05-12",2239.080078,1746700,"Down"
"2021-05-13",2261.969971,1333500,"Up"
"2021-05-14",2316.159912,1331200,"Up"
"2021-05-17",2321.409912,992100,"Up"
"2021-05-18",2303.429932,865100,"Down"
"2021-05-19",2308.709961,967500,"Up"
"2021-05-20",2356.090088,1191600,"Up"
"2021-05-21",2345.100098,1141600,"Down"
"2021-05-24",2406.669922,1062200,"Up"
"2021-05-25",2409.070068,941900,"Down"
"2021-05-26",2433.530029,1092800,"Up"
"2021-05-27",2402.51001,1948100,"Down"
"2021-05-28",2411.560059,1205400,"Down"
"2021-06-01",2429.810059,958300,"Up"
"2021-06-02",2421.280029,857900,"Down"
"2021-06-03",2404.610107,917300,"Up"
"2021-06-04",2451.76001,1297400,"Up"
"2021-06-07",2466.090088,1192500,"Up"
"2021-06-08",2482.850098,1253000,"Up"
"2021-06-09",2491.399902,1006300,"Down"
"2021-06-10",2521.600098,1561700,"Up"
"2021-06-11",2513.929932,1262000,"Down"
"2021-06-14",2527.040039,1127500,"Up"
"2021-06-15",2520.659912,1109100,"Down"
"2021-06-16",2513.929932,1315800,"Down"
"2021-06-17",2527.419922,1287800,"Up"
"2021-06-18",2511.350098,2665300,"Down"
"2021-06-21",2529.100098,1312800,"Up"
"2021-06-22",2539.98999,1049200,"Up"
"2021-06-23",2529.22998,984700,"Down"
"2021-06-24",2545.639893,946700,"Up"
"2021-06-25",2539.899902,1674200,"Up"
"2021-06-28",2536.389893,1405500,"Down"
"2021-06-29",2520.370117,1047500,"Down"
"2021-06-30",2506.320068,1200300,"Down"
"2021-07-01",2527.370117,856000,"Up"
"2021-07-02",2574.379883,1058000,"Up"
"2021-07-06",2595.419922,1067500,"Up"
"2021-07-07",2601.550049,834000,"Down"
"2021-07-08",2583.540039,989000,"Up"
"2021-07-09",2591.48999,755300,"Up"
