"","timestamp","ETH_Close","ETH_Volume","BTC_Close","BTC_Volume","breakeven_inflation","BTC_Energy","ETH_Energy"
"1","2021-07-12","2031.58"," 540630.11","33086.63"," 48181.404","2.48","135.11737","55.883353"
"2","2021-07-12","2031.58"," 540630.11","33086.63"," 48181.404","2.52","135.11737","55.883353"
"3","2021-07-12","2031.58"," 540630.11","33086.63"," 48181.404","2.60","135.11737","55.883353"
"4","2021-07-09","2146.99"," 738611.36","33815.81"," 47153.940","2.44","135.11737","55.444724"
"5","2021-07-08","2116.33"," 880265.04","32875.71"," 70136.480","2.38","135.11737","55.283935"
"6","2021-07-07","2316.57"," 666501.36","33862.12"," 53807.522","2.43","135.11737","55.006987"
"7","2021-07-06","2322.50"," 785330.17","34220.01"," 58210.596","2.48","135.11737","54.810534"
"8","2021-07-05","2196.53"," 781806.32","33690.14"," 64123.874","2.49","135.11737","54.628778"
"9","2021-07-02","2154.13"," 672282.37","33786.55"," 56172.181","2.49","134.06091","54.172612"
"10","2021-07-01","2106.41"," 787865.25","33504.69"," 71708.266","2.49","134.06091","53.922407"
"11","2021-06-30","2275.68"," 910583.60","35045.00"," 77152.198","2.47","134.06091","53.766064"
"12","2021-06-29","2165.33"," 831257.23","35911.73"," 90788.796","2.46","133.68890","53.607258"
"13","2021-06-28","2084.41","1044244.68","34494.89"," 82222.268","2.45","132.88769","53.451113"
"14","2021-06-25","1808.82"," 858808.55","31584.45","116061.130","2.46","132.25527","52.943926"
"15","2021-06-24","1989.52"," 701231.67","34663.09"," 86625.804","2.45","132.08374","52.812907"
"16","2021-06-23","1968.14"," 918612.30","33678.07","126966.101","2.49","131.80352","52.676004"
"17","2021-06-22","1879.28","1695338.08","32509.56","204208.180","2.46","131.15648","52.518235"
"18","2021-06-21","1885.49","1629819.67","31608.93","168778.873","2.41","131.11575","52.349572"
"19","2021-06-18","2234.09"," 778905.20","35819.84"," 95228.043","2.37","130.48181","51.785954"
"20","2021-06-17","2373.28"," 560667.59","38092.97"," 79541.307","2.31","130.16484","51.621750"
"21","2021-06-16","2367.89"," 624741.78","38349.01"," 87771.977","2.41","129.55977","51.447107"
"22","2021-06-15","2543.54"," 599826.65","40144.04"," 80679.623","2.46","129.21297","51.270694"
"23","2021-06-14","2580.77"," 684183.56","40516.29","108522.392","2.44","128.86016","51.080702"
"24","2021-06-11","2354.01"," 587364.27","37331.98"," 78466.005","2.43","127.87203","50.458845"
"25","2021-06-10","2471.09"," 741237.50","36675.72","109527.285","2.47","127.54675","50.281897"
"26","2021-06-09","2610.18","1276718.24","37388.05","136607.598","2.41","127.22202","50.096425"
"27","2021-06-08","2507.23","1693747.43","33380.81","123251.189","2.47","126.66219","49.902800"
"28","2021-06-07","2592.05","1152128.08","33552.79"," 77574.953","2.51","126.39401","49.611402"
"29","2021-06-04","2689.51","1188314.11","36829.00"," 91317.799","2.54","125.45236","49.019207"
"30","2021-06-03","2857.25","1024290.89","39246.79"," 75889.106","2.56","125.12070","48.806963"
"31","2021-06-02","2706.22"," 970070.54","37568.68"," 67587.372","2.59","124.77333","48.484174"
"32","2021-06-01","2634.57","1179577.11","36693.09"," 81234.664","2.60","124.44246","48.470774"
"33","2021-05-31","2706.15","1307958.04","37253.81"," 94160.735","2.58","124.12240","48.367256"
"34","2021-05-28","2412.10","1554584.61","35663.49","135377.630","2.57","122.91934","49.318460"
"35","2021-05-27","2742.23","1099029.91","38529.98"," 86547.159","2.59","122.58919","50.160164"
"36","2021-05-26","2884.94","1583799.59","39241.91","104780.773","2.60","122.22345","50.996046"
"37","2021-05-25","2705.11","2115349.50","38324.72","111996.228","2.63","121.85619","51.616707"
"38","2021-05-24","2648.43","2186632.92","38796.29","161630.894","2.64","121.50630","52.268283"
"39","2021-05-21","2430.98","2727031.94","37252.01","202100.888","2.62","120.08627","51.437309"
"40","2021-05-20","2768.62","2942777.93","40526.64","203017.597","2.59","119.68281","51.127184"
"41","2021-05-19","2438.92","4309836.32","36690.09","354347.243","2.66","119.30075","50.617392"
"42","2021-05-18","3375.07","1287110.84","42849.78","116979.861","2.72","118.93740","50.086706"
"43","2021-05-17","3282.51","1904012.44","43538.04","166657.173","2.72","118.51507","49.570193"
"44","2021-05-14","4075.01","1153390.43","49841.45"," 80082.204","2.68","117.11225","48.224777"
"45","2021-05-13","3717.91","2068708.17","49670.97","147332.002","2.65","116.35993","47.645676"
"46","2021-05-12","3823.21","1601842.74","49631.32"," 99842.790","2.72","115.84551","46.946901"
"47","2021-05-11","4173.45","1095927.10","56670.02"," 64329.541","2.68","115.25759","45.898105"
"48","2021-05-10","3945.88","1505897.93","55816.14"," 89586.349","2.71","114.67485","44.943394"
"49","2021-05-07","3479.53"," 760544.65","57314.75"," 74542.748","2.65","112.85976","43.166729"
"50","2021-05-06","3489.73"," 920592.58","56393.68"," 70181.672","2.66","112.26267","42.776710"
"51","2021-05-05","3524.26","1174816.74","57436.11"," 77263.923","2.68","111.66534","42.419836"
"52","2021-05-04","3239.01","1826039.39","53200.01"," 85324.626","2.62","110.86028","41.971227"
"53","2021-05-03","3431.04","1329088.06","57169.39"," 57649.931","2.60","110.29396","41.599462"
"54","2021-04-30","2772.42"," 695339.20","57694.27"," 68578.910","2.57","108.48700","40.708406"
"55","2021-04-29","2757.04"," 863890.01","53555.00"," 52486.019","2.56","107.96606","40.421444"
"56","2021-04-28","2748.24"," 999383.19","54846.22"," 55130.459","2.54","107.47965","40.114335"
"57","2021-04-27","2666.13"," 771728.46","55011.97"," 54064.035","2.51","106.98715","39.730389"
"58","2021-04-26","2532.60","1076469.01","54001.39"," 86310.802","2.47","106.41307","39.460789"
"59","2021-04-23","2367.39","2532242.44","51125.14","132230.781","2.44","104.87570","38.722531"
"60","2021-04-22","2397.94","2220753.10","51690.96","104656.631","2.42","104.36766","38.398469"
"61","2021-04-21","2357.06","1177885.86","53787.63"," 66984.757","2.53","103.77599","38.028628"
"62","2021-04-20","2330.03"," 992240.81","56425.00"," 72744.482","2.52","103.22850","37.521953"
"63","2021-04-19","2161.12"," 820592.27","55633.14"," 78229.042","2.56","102.71958","37.135986"
"64","2021-04-16","2422.67"," 999163.75","61334.80"," 91764.140","2.57","100.85030","36.137599"
"65","2021-04-15","2514.04"," 681950.97","63159.98"," 51649.700","2.55","100.24247","35.807321"
"66","2021-04-14","2432.60"," 972931.61","62959.53"," 82616.344","2.56"," 99.63377","35.502023"
"67","2021-04-13","2299.19"," 782608.62","63575.00"," 82848.689","2.54"," 99.03626","35.110079"
"68","2021-04-12","2137.69"," 579093.36","59860.00"," 56375.037","2.52"," 98.44050","34.835807"
"69","2021-04-09","2066.87"," 426387.44","58142.54"," 40831.885","2.51"," 96.55340","34.095582"
"70","2021-04-08","2080.46"," 501356.00","58077.52"," 44283.147","2.55"," 95.87832","33.780566"
"71","2021-04-07","1963.47"," 892984.90","55953.45"," 71228.406","2.53"," 95.45320","33.569923"
"72","2021-04-06","2112.21"," 673386.06","57991.15"," 54201.001","2.52"," 94.91681","33.215351"
"73","2021-04-05","2107.38"," 684923.61","59129.99"," 54258.016","2.55"," 94.37768","32.916064"
"74","2021-04-02","2133.69"," 846197.93","58950.01"," 47382.419","2.58"," 92.74715","32.083966"
"75","2021-04-01","1968.05"," 741585.07","58720.44"," 47415.617","2.55"," 92.18243","31.772103"
"76","2021-03-31","1919.37"," 746995.86","58740.55"," 60975.543","2.54"," 91.51699","31.447759"
"77","2021-03-30","1840.46"," 568842.01","58746.57"," 55122.443","2.52"," 90.95618","31.098195"
"78","2021-03-29","1816.74"," 647724.46","57635.47"," 67857.937","2.56"," 90.40139","30.843681"
"79","2021-03-26","1698.84"," 515470.93","55025.59"," 63813.775","2.57"," 88.80800","30.215970"
"80","2021-03-25","1585.74"," 701697.00","51293.78"," 87400.535","2.54"," 88.29034","29.998694"
"81","2021-03-24","1581.84"," 753834.52","52303.65"," 83537.465","2.53"," 87.80003","29.750407"
"82","2021-03-23","1668.08"," 577214.00","54340.89"," 59789.365","2.48"," 87.16815","29.481746"
"83","2021-03-22","1680.97"," 582727.49","54083.25"," 62581.626","2.51"," 86.64972","29.239683"
"84","2021-03-19","1809.10"," 500258.43","58030.01"," 52392.653","2.51"," 84.96179","28.542656"
"85","2021-03-18","1776.08"," 603721.61","57648.16"," 66580.407","2.50"," 84.38115","28.291181"
"86","2021-03-17","1823.58"," 658349.45","58912.97"," 70421.621","2.58"," 83.79652","28.025212"
"87","2021-03-16","1805.12"," 764993.40","56900.75"," 77986.694","2.59"," 83.22685","27.715178"
"88","2021-03-15","1793.48","1025326.80","55605.20","102771.427","2.54"," 82.68323","27.456238"
"89","2021-03-12","1766.10"," 869564.64","57221.72"," 73405.406","2.51"," 80.79129","26.703896"
"90","2021-03-11","1825.78"," 909011.50","57773.16"," 81914.813","2.51"," 80.21217","26.469825"
"91","2021-03-10","1795.12"," 937230.63","55851.59"," 84749.239","2.47"," 79.62548","26.216980"
"92","2021-03-09","1870.51"," 857229.48","54884.50"," 71656.737","2.41"," 79.06039","25.999689"
"93","2021-03-08","1833.18","1149711.40","52375.17"," 66987.360","2.42"," 78.53226","25.771942"
"94","2021-03-05","1528.31"," 910786.29","48751.71"," 78192.496","2.43"," 77.78218","25.194223"
"95","2021-03-04","1539.23"," 946365.67","48374.09"," 82649.717","2.43"," 77.78218","25.017174"
"96","2021-03-03","1567.69","1054846.31","50349.37"," 81035.914","2.45"," 77.78218","24.795269"
"97","2021-03-02","1486.78","1061142.39","48440.65"," 64221.062","2.43"," 77.78218","24.611285"
"98","2021-03-01","1569.86","1094695.18","49587.03"," 85086.112","2.40"," 77.78218","24.432103"
"99","2021-02-26","1444.59","1355973.29","46276.87","109423.201","2.39"," 77.78218","23.927336"
"100","2021-02-25","1481.75","1032670.79","47073.73"," 83310.673","2.34"," 77.78218","23.725521"
"101","2021-02-24","1623.39","1384388.82","49676.20"," 91881.209","2.38"," 77.78218","23.457017"
"102","2021-02-23","1577.89","2547837.82","48891.00","169375.025","2.35"," 77.78218","23.168328"
"103","2021-02-22","1777.58","1807244.98","54087.67","134019.435","2.35"," 77.78218","22.797342"
"104","2021-02-19","1955.00"," 793404.41","55906.00"," 79659.778","2.29"," 77.78218","21.934556"
"105","2021-02-18","1939.61"," 937227.10","51552.60"," 60758.047","2.29"," 77.78218","21.605559"
"106","2021-02-17","1849.88"," 795711.63","52119.71"," 85743.638","2.35"," 77.78218","21.317685"
"107","2021-02-16","1781.99"," 817493.48","49133.45"," 88813.266","2.37"," 77.78218","21.065414"
"108","2021-02-15","1779.25","1053474.58","47911.10"," 79398.157","2.36"," 77.78218","20.815746"
"109","2021-02-12","1840.26"," 909600.21","47287.60"," 85870.036","2.35"," 77.78218","20.040598"
"110","2021-02-11","1785.62"," 735079.83","47969.51"," 89561.081","2.32"," 77.78218","19.745862"
"111","2021-02-10","1740.78","1219932.25","44807.58"," 97154.182","2.31"," 77.78218","19.492012"
"112","2021-02-09","1769.13","1185071.90","46420.42","115499.862","2.31"," 77.78218","19.203428"
"113","2021-02-08","1750.15","1339777.10","46374.87","138597.537","2.31"," 77.78218","18.902873"
"114","2021-02-05","1719.19","1194123.30","38290.24"," 66681.334","2.28"," 77.78218","18.170162"
"115","2021-02-04","1595.67","1646502.33","36936.66"," 92080.736","2.25"," 77.78218","17.842835"
"116","2021-02-03","1664.49","1535869.89","37618.87"," 80784.334","2.27"," 77.78218","17.577978"
"117","2021-02-02","1511.87","1944228.00","35466.24"," 78056.660","2.23"," 77.78218","17.351585"
"118","2021-02-01","1374.17","1096397.92","33526.37"," 82718.277","2.18"," 77.78218","17.147393"
"119","2021-01-29","1379.50","2253963.19","34252.20","231827.006","2.21"," 77.78218","16.745650"
"120","2021-01-28","1329.69","1365269.72","33364.86"," 92621.146","2.18"," 77.78218","16.636177"
"121","2021-01-27","1239.03","2009772.08","30366.15"," 95911.962","2.15"," 77.78218","16.521218"
"122","2021-01-26","1365.97","1682923.66","32467.77"," 84972.207","2.15"," 77.78218","16.415095"
"123","2021-01-25","1317.88","1885441.31","32254.20"," 88499.227","2.15"," 77.78218","16.359224"
"124","2021-01-22","1232.62","2020593.22","32945.17","142971.684","2.16"," 77.78218","16.227032"
"125","2021-01-21","1110.96","2254164.80","30850.13","131803.183","2.18"," 77.78218","16.144901"
"126","2021-01-20","1376.99","2219137.62","35468.23"," 89368.423","2.15"," 77.78218","16.030134"
"127","2021-01-19","1365.36","2278852.56","35891.49"," 79611.308","2.12"," 77.78218","15.886312"
"128","2021-01-15","1168.53","1944038.84","36742.22","118300.921","2.09"," 77.78218","15.704746"
"129","2021-01-14","1231.62","1555737.39","39144.50","102950.389","2.09"," 77.78218","15.854167"
"130","2021-01-13","1129.89","1564202.39","37371.38","124477.915","2.04"," 77.78218","15.922500"
"131","2021-01-12","1050.16","2302645.34","34051.24","133948.152","2.06"," 77.78218","16.001359"
"132","2021-01-11","1087.01","4068784.66","35404.47","249131.540","2.04"," 77.78218","16.087301"
"133","2021-01-08","1216.93","2131172.92","40582.81","139789.957","2.07"," 77.78218","15.670811"
"134","2021-01-07","1224.87","1972922.82","39432.28","132825.700","2.09"," 77.78218","15.553726"
"135","2021-01-06","1208.42","2390136.59","36769.36","127139.201","2.04"," 77.78218","15.429729"
"136","2021-01-05","1099.56","2706995.68","33949.53","116049.997","2.01"," 77.78218","15.316998"
"137","2021-01-04","1041.43","4245010.94","31988.71","140899.886","1.98"," 77.78218","15.200969"
"138","2021-01-01"," 728.91"," 675114.09","29331.69"," 54182.925","1.95"," 77.78218","14.715023"
"139","2020-12-31"," 736.42"," 863375.58","28923.63"," 75508.505","1.95"," 77.78218","14.638824"
"140","2020-12-30"," 752.17","1008574.10","28875.54"," 95356.058","1.92"," 77.78218","14.547714"
"141","2020-12-29"," 732.00","1106876.36","27385.00"," 69411.593","1.90"," 77.78218","14.431351"
"142","2020-12-28"," 730.41","1627154.39","27079.41"," 79721.742","1.92"," 77.78218","14.352858"
"143","2020-12-25"," 626.82"," 798009.63","24712.47"," 79519.944","1.91"," 77.78218","14.140121"
"144","2020-12-24"," 612.31"," 886335.86","23729.20"," 69013.834","1.92"," 77.78218","14.078590"
"145","2020-12-23"," 585.56","1208807.37","23232.76","119047.260","1.93"," 77.78218","14.013591"
"146","2020-12-22"," 636.45"," 918851.26","23810.79"," 87033.126","1.92"," 77.78218","13.950281"
"147","2020-12-21"," 607.58"," 843251.17","22719.71"," 88030.297","1.90"," 77.78218","13.894529"
"148","2020-12-18"," 653.85","1000012.98","23107.39"," 79646.134","1.92"," 77.78218","13.717702"
"149","2020-12-17"," 642.70","2006130.02","22797.16","184882.477","1.90"," 77.78218","13.652577"
"150","2020-12-16"," 637.18","1185588.05","21335.52","114306.336","1.90"," 77.78218","13.580122"
"151","2020-12-15"," 588.64"," 569270.52","19426.43"," 61834.366","1.86"," 77.78218","13.526018"
"152","2020-12-14"," 586.29"," 493012.03","19273.14"," 47257.201","1.84"," 77.78218","13.477317"
"153","2020-12-11"," 544.43"," 768921.78","18036.53"," 72610.724","1.82"," 77.78218","13.367515"
"154","2020-12-10"," 558.99"," 608414.51","18254.63"," 52890.675","1.83"," 77.78218","13.320990"
"155","2020-12-09"," 573.09"," 997192.17","18541.28"," 79585.554","1.84"," 77.78218","13.284434"
"156","2020-12-08"," 554.94"," 804443.01","18324.11"," 61626.948","1.84"," 77.78218","13.243728"
"157","2020-12-07"," 591.28"," 498329.38","19166.90"," 41372.296","1.84"," 77.78218","13.204834"
"158","2020-12-04"," 567.24","1052452.79","18650.52"," 71283.668","1.83"," 77.78218","13.086733"
"159","2020-12-03"," 615.85"," 935687.92","19421.90"," 66689.391","1.78"," 77.78218","13.042078"
"160","2020-12-02"," 596.89","1069538.66","19204.09"," 75911.013","1.76"," 77.78218","12.996756"
"161","2020-12-01"," 585.26","2163875.81","18764.96","127698.763","1.72"," 77.78218","12.936594"
"162","2020-11-30"," 616.66","1501989.45","19695.87","115463.467","1.68"," 77.78218","12.874086"
"163","2020-11-27"," 518.68","1088064.28","17139.52"," 85297.025","1.67"," 77.78218","12.744770"
"164","2020-11-26"," 519.83","2683460.74","17149.47","181005.247","1.65"," 77.78218","12.701500"
"165","2020-11-25"," 569.50","1219440.03","18719.11"," 93266.577","1.67"," 77.78218","12.637398"
"166","2020-11-24"," 604.97","1606450.49","19160.01","113581.509","1.65"," 77.78218","12.581980"
"167","2020-11-23"," 608.58","2076008.85","18368.00"," 82961.506","1.62"," 77.78218","12.513841"
"168","2020-11-20"," 510.12","1516361.91","18655.67"," 88423.018","1.61"," 77.78218","12.333041"
"169","2020-11-19"," 471.25"," 817418.53","17802.82"," 93009.561","1.62"," 77.78218","12.287691"
"170","2020-11-18"," 478.41","1477696.29","17776.12","149019.788","1.63"," 77.78218","12.245307"
"171","2020-11-17"," 482.15","1151573.37","17659.38","115221.403","1.63"," 77.78218","12.198577"
"172","2020-11-16"," 460.55"," 812060.45","16713.57"," 81300.676","1.64"," 77.78218","12.156104"
"173","2020-11-13"," 476.43"," 976665.10","16320.70"," 75691.881","1.64"," 77.78218","12.058892"
"174","2020-11-12"," 462.39"," 990776.63","16291.86","102196.357","1.63"," 77.78218","12.003173"
"175","2020-11-11"," 463.09","1205782.84","15684.24"," 78469.746","1.69"," 77.78218","11.966269"
"176","2020-11-10"," 450.34"," 866872.41","15297.21"," 61681.920","1.69"," 77.78218","11.929369"
"177","2020-11-09"," 444.32","1099213.25","15328.41","108976.334","1.63"," 77.78218","11.892782"
"178","2020-11-06"," 455.91","1682440.96","15579.92","122618.198","1.54"," 77.78218","11.786741"
"179","2020-11-05"," 416.69","1475139.77","15590.02","143741.523","1.55"," 77.78218","11.746405"
"180","2020-11-04"," 402.49","1157064.35","14144.01"," 93016.988","1.56"," 77.56044","11.714256"
"181","2020-11-03"," 387.88"," 752954.37","14023.53"," 74115.631","1.62"," 77.32845","11.687177"
"182","2020-11-02"," 383.02"," 779968.58","13549.37"," 64566.422","1.60"," 77.09716","11.638090"
"183","2020-10-30"," 382.49"," 771750.75","13560.10"," 70657.779","1.59"," 76.40743","11.549318"
"184","2020-10-29"," 387.13"," 573096.01","13455.70"," 74872.602","1.61"," 76.17889","11.515902"
"185","2020-10-28"," 388.23"," 855275.47","13266.40"," 94440.561","1.61"," 75.95104","11.480831"
"186","2020-10-27"," 403.45"," 754244.38","13636.17"," 80796.554","1.64"," 75.72387","11.447983"
"187","2020-10-26"," 392.52"," 895142.67","13052.19"," 60951.673","1.63"," 75.49738","11.416261"
"188","2020-10-23"," 409.11"," 727832.32","12923.07"," 50387.000","1.66"," 74.82196","11.298511"
"189","2020-10-22"," 413.98","1095897.21","12968.52"," 70038.824","1.68"," 74.59816","11.263691"
"190","2020-10-21"," 390.38","1221663.64","12780.96","114584.457","1.56"," 74.37504","11.225222"
"191","2020-10-20"," 368.52"," 617309.82","11909.99"," 62134.751","1.53"," 74.15258","11.190027"
"192","2020-10-19"," 379.30"," 577252.90","11751.47"," 47414.535","1.53"," 73.93079","11.158986"
"193","2020-10-16"," 365.50"," 654029.36","11319.32"," 48797.750","1.53"," 73.26938","11.074799"
"194","2020-10-15"," 377.64"," 634038.09","11505.12"," 48760.718","1.52"," 73.05023","11.042009"
"195","2020-10-14"," 378.69"," 569557.83","11417.89"," 41415.106","1.52"," 72.83174","10.989586"
"196","2020-10-13"," 381.04"," 645141.91","11420.56"," 42205.284","1.52"," 72.61389","10.955730"
"197","2020-10-12"," 386.51"," 844422.65","11528.25"," 52825.284","1.55"," 72.39670","10.921483"
"198","2020-10-09"," 365.02"," 650478.19","11050.64"," 48240.073","1.56"," 71.74902","10.817158"
"199","2020-10-08"," 350.95"," 631794.88","10925.57"," 51959.692","1.56"," 71.53442","10.772102"
"200","2020-10-07"," 341.58"," 541928.86","10666.39"," 32811.990","1.54"," 71.32046","10.744548"
"201","2020-10-06"," 340.75"," 640063.27","10599.66"," 48674.740","1.51"," 71.10714","10.698486"
"202","2020-10-05"," 353.62"," 376740.31","10792.21"," 34025.762","1.52"," 70.89445","10.667234"
"203","2020-10-02"," 345.60"," 733571.84","10570.40"," 50130.394","1.48"," 70.26021","10.568731"
"204","2020-10-01"," 352.85"," 758349.32","10619.13"," 60866.333","1.48"," 70.65721","10.538384"
"205","2020-09-30"," 359.83"," 498943.23","10776.59"," 39596.027","1.50"," 70.47417","10.489341"
"206","2020-09-29"," 359.79"," 585143.17","10840.48"," 41874.898","1.49"," 70.26338","10.451541"
"207","2020-09-28"," 353.96"," 757758.43","10696.12"," 50095.252","1.48"," 70.05322","10.409413"
"208","2020-09-25"," 351.92"," 860643.78","10686.67"," 48101.117","1.43"," 69.42650","10.306987"
"209","2020-09-24"," 348.97","1071705.10","10736.32"," 57676.619","1.45"," 69.21885","10.276498"
"210","2020-09-23"," 320.72"," 940904.50","10241.46"," 51876.568","1.48"," 69.35493","10.237094"
"211","2020-09-22"," 344.21"," 842731.13","10529.61"," 43991.235","1.50"," 69.99262","10.203363"
"212","2020-09-21"," 340.36","1283946.03","10417.22"," 70683.431","1.50"," 69.96509","10.164121"
"213","2020-09-18"," 384.39"," 804194.47","10933.39"," 47266.728","1.58"," 69.57429","10.016385"
"214","2020-09-17"," 389.36","1256300.41","10939.99"," 55601.615","1.57"," 69.36619"," 9.921077"
"215","2020-09-16"," 365.11"," 841709.99","10954.01"," 64991.512","1.57"," 69.15871"," 9.809389"
"216","2020-09-15"," 364.06"," 883856.33","10785.31"," 61822.453","1.54"," 68.95186"," 9.766317"
"217","2020-09-14"," 377.12","1042059.62","10671.77"," 67059.291","1.54"," 68.74562"," 9.708794"
"218","2020-09-11"," 373.63"," 844017.60","10387.89"," 43830.254","1.53"," 68.13060"," 9.579338"
"219","2020-09-10"," 367.93","1134287.61","10336.87"," 58253.754","1.54"," 67.92682"," 9.535353"
"220","2020-09-09"," 350.85"," 879760.56","10219.20"," 49347.114","1.57"," 67.72365"," 9.486656"
"221","2020-09-08"," 337.39","1400246.83","10126.65"," 73491.878","1.55"," 67.54347"," 9.456056"
"222","2020-09-07"," 353.59","1740618.42","10373.44"," 62620.231","1.57"," 67.99255"," 9.420857"
"223","2020-09-04"," 385.26","1806488.22","10446.25"," 92733.599","1.57"," 68.91556"," 9.285362"
"224","2020-09-03"," 381.40","2408569.34","10140.85","121950.106","1.53"," 68.82208"," 9.208915"
"225","2020-09-02"," 439.50","1880642.47","11388.54"," 87221.846","1.61"," 68.74991"," 9.100332"
"226","2020-09-01"," 475.40","1751354.58","11921.97"," 78148.194","1.65"," 68.54427"," 8.952297"
"227","2020-08-31"," 433.79","1040748.69","11649.51"," 55353.618","1.69"," 68.33925"," 8.834624"
"228","2020-08-28"," 395.11"," 732601.47","11526.91"," 45953.908","1.68"," 67.86319"," 8.675058"
"229","2020-08-27"," 383.27"," 877763.74","11330.38"," 63246.036","1.65"," 67.66021"," 8.643007"
"230","2020-08-26"," 385.81"," 738690.78","11461.43"," 53998.231","1.63"," 67.45784"," 8.610545"
"231","2020-08-25"," 382.93"," 970445.38","11318.42"," 69590.923","1.60"," 67.25607"," 8.578163"
"232","2020-08-24"," 407.68"," 717403.82","11748.20"," 46212.392","1.57"," 67.05491"," 8.541060"
"233","2020-08-21"," 387.97"," 860998.73","11531.34"," 64448.306","1.52"," 66.45502"," 8.434856"
"234","2020-08-20"," 415.94"," 663555.73","11853.55"," 46085.254","1.48"," 66.25625"," 8.388576"
"235","2020-08-18"," 421.95"," 743254.57","11945.01"," 75923.836","1.55"," 65.86049"," 8.345599"
"236","2020-08-17"," 430.89"," 868870.65","12281.13"," 84734.212","1.54"," 65.66350"," 8.299535"
"237","2020-08-14"," 438.11","1109670.94","11760.54"," 59818.853","1.53"," 65.07606"," 8.161986"
"238","2020-08-13"," 424.54","1511330.77","11780.00"," 70132.492","1.56"," 64.88141"," 8.093221"
"239","2020-08-12"," 387.18"," 751848.80","11564.33"," 64909.614","1.56"," 64.68735"," 8.033414"
"240","2020-08-11"," 379.00"," 992412.60","11392.08"," 90748.285","1.50"," 64.49387"," 8.006750"
"241","2020-08-10"," 395.44"," 826969.91","11892.92"," 84952.338","1.49"," 64.30097"," 7.935332"
"242","2020-08-07"," 379.34","1041207.36","11594.23"," 65755.926","1.50"," 63.72571"," 7.872729"
"243","2020-08-06"," 394.77"," 821379.08","11762.46"," 63529.085","1.53"," 63.53511"," 7.848357"
"244","2020-08-05"," 400.72","1124119.07","11744.91"," 74970.257","1.52"," 63.34507"," 7.822304"
"245","2020-08-04"," 389.61","1180792.42","11191.97"," 58629.114","1.45"," 63.15561"," 7.793943"
"246","2020-08-03"," 385.94","1191565.09","11219.81"," 56931.841","1.46"," 62.96671"," 7.766396"
"247","2020-07-31"," 346.33"," 948088.45","11335.46"," 70063.661","1.40"," 62.40339"," 7.691213"
"248","2020-07-30"," 334.87","1008827.57","11099.61"," 60794.826","1.37"," 62.21674"," 7.668936"
"249","2020-07-29"," 317.71"," 792802.32","11100.53"," 76838.094","1.38"," 62.03065"," 7.649468"
"250","2020-07-28"," 316.77","1093231.56","10906.27"," 97267.734","1.36"," 61.84511"," 7.631219"
"251","2020-07-27"," 321.93","1636122.35","11029.96","150188.933","1.38"," 61.66013"," 7.610950"
"252","2020-07-24"," 279.15"," 926033.07"," 9537.80"," 43931.136","1.35"," 61.10850"," 7.564226"
"253","2020-07-23"," 275.30","1068774.58"," 9603.27"," 51856.234","1.37"," 60.92572"," 7.553688"
"254","2020-07-22"," 263.74"," 718417.68"," 9518.16"," 48815.004","1.40"," 60.74349"," 7.544774"
"255","2020-07-21"," 245.59"," 637462.08"," 9390.00"," 60413.582","1.40"," 60.56181"," 7.537296"
"256","2020-07-20"," 236.01"," 396657.92"," 9160.78"," 35458.764","1.37"," 60.41054"," 7.533116"
"257","2020-07-17"," 232.67"," 325600.21"," 9154.32"," 28054.359","1.35"," 60.53886"," 7.516788"
"258","2020-07-16"," 233.57"," 587161.74"," 9133.72"," 43375.571","1.30"," 60.48691"," 7.513849"
"259","2020-07-15"," 238.61"," 368350.67"," 9197.60"," 39053.580","1.28"," 61.13490"," 7.514298"
"260","2020-07-14"," 240.44"," 426320.89"," 9255.85"," 45772.553","1.27"," 61.89814"," 7.513640"
"261","2020-07-14"," 240.44"," 426320.89"," 9255.85"," 45772.553","1.27"," 61.89814"," 7.513640"
"262","2020-07-13"," 239.50"," 604093.04"," 9242.62"," 42740.069","1.27"," 61.79875"," 7.511498"
"263","2020-07-10"," 241.26"," 455025.12"," 9288.34"," 38295.494","1.25"," 61.25578"," 7.515760"
"264","2020-07-09"," 241.98"," 647641.58"," 9232.43"," 48044.451","1.22"," 61.07256"," 7.516643"
"265","2020-07-08"," 246.95"," 958185.84"," 9436.06"," 56140.518","1.25"," 60.88989"," 7.513277"
"266","2020-07-07"," 239.39"," 600424.97"," 9257.39"," 34587.337","1.26"," 60.70777"," 7.512029"
"267","2020-07-06"," 241.60"," 864817.51"," 9344.20"," 54463.132","1.28"," 60.52619"," 7.511458"
"268","2020-07-03"," 224.87"," 314578.50"," 9058.26"," 28943.420","1.20"," 60.03551"," 7.513671"
"269","2020-07-02"," 226.46"," 592485.91"," 9086.54"," 45725.168","1.21"," 59.85594"," 7.513383"
"270","2020-07-01"," 230.99"," 517351.59"," 9232.00"," 38488.529","1.17"," 59.67691"," 7.517341"
"271","2020-06-30"," 225.60"," 415036.03"," 9138.55"," 31463.163","1.16"," 59.49842"," 7.518793"
"272","2020-06-29"," 227.93"," 597915.52"," 9192.56"," 42120.293","1.14"," 59.32046"," 7.517257"
"273","2020-06-26"," 229.64"," 628340.07"," 9162.21"," 50292.298","1.11"," 59.36980"," 7.544425"
"274","2020-06-25"," 232.50"," 613748.59"," 9249.49"," 55831.619","1.11"," 59.73101"," 7.566143"
"275","2020-06-24"," 234.58"," 921634.05"," 9296.49"," 61571.561","1.10"," 60.06425"," 7.587270"
"276","2020-06-23"," 243.14"," 442296.31"," 9624.89"," 41031.029","1.14"," 60.23665"," 7.593221"
"277","2020-06-22"," 243.13"," 749030.11"," 9685.69"," 57895.468","1.11"," 60.05648"," 7.610375"
"278","2020-06-19"," 229.00"," 397284.60"," 9310.23"," 45330.984","1.06"," 59.78052"," 7.656415"
"279","2020-06-18"," 231.27"," 334347.80"," 9386.32"," 37381.954","1.12"," 59.77985"," 7.664848"
"280","2020-06-17"," 233.82"," 478187.29"," 9465.14"," 48046.411","1.01"," 59.61254"," 7.689625"
"281","2020-06-16"," 235.30"," 499194.67"," 9525.59"," 52052.447","1.02"," 59.43424"," 7.711819"
"282","2020-06-15"," 230.86"," 875026.92"," 9426.02"," 86107.925","0.98"," 59.25647"," 7.720383"
"283","2020-06-12"," 237.55"," 446515.34"," 9465.13"," 50119.067","0.95"," 59.48833"," 7.765771"
"284","2020-06-11"," 230.51"," 816456.89"," 9280.40"," 94418.985","0.95"," 59.31039"," 7.769705"
"285","2020-06-10"," 247.78"," 431285.62"," 9885.00"," 47130.763","1.00"," 59.13300"," 7.780047"
"286","2020-06-09"," 243.80"," 420327.17"," 9772.43"," 46024.001","0.98"," 58.95613"," 7.788238"
"287","2020-06-08"," 246.40"," 383116.55"," 9782.01"," 40664.664","0.98"," 58.77979"," 7.788288"
"288","2020-06-05"," 240.03"," 502547.41"," 9621.16"," 47788.050","0.95"," 58.25393"," 7.799866"
"289","2020-06-04"," 243.21"," 669369.34"," 9789.06"," 57456.101","0.88"," 58.07969"," 7.805690"
"290","2020-06-03"," 244.52"," 502928.13"," 9666.24"," 46252.645","0.88"," 57.90597"," 7.815690"
"291","2020-06-02"," 237.71"," 955520.92"," 9518.04","108970.773","0.84"," 57.73277"," 7.818698"
"292","2020-06-01"," 248.23"," 823816.70","10200.77"," 76649.127","0.84"," 57.56009"," 7.829223"
"293","2020-05-29"," 220.67"," 603058.08"," 9427.07"," 57374.363","0.83"," 57.04514"," 7.852804"
"294","2020-05-28"," 220.21"," 643945.98"," 9575.89"," 74110.788","0.86"," 56.87452"," 7.861102"
"295","2020-05-27"," 208.29"," 494816.73"," 9204.07"," 68910.356","0.82"," 56.70441"," 7.871623"
"296","2020-05-26"," 200.89"," 477176.74"," 8841.18"," 58299.770","0.82"," 56.58149"," 7.876368"
"297","2020-05-25"," 204.15"," 469931.62"," 8900.35"," 62833.911","0.81"," 56.64906"," 7.886819"
"298","2020-05-22"," 207.36"," 787672.36"," 9170.00"," 58943.131","0.80"," 58.71141"," 7.901187"
"299","2020-05-21"," 198.74","1003923.43"," 9068.65","108928.781","0.81"," 58.66071"," 7.898872"
"300","2020-05-20"," 209.98"," 679532.61"," 9511.43"," 74923.738","0.83"," 58.98543"," 7.892971"
"301","2020-05-19"," 214.58"," 643702.99"," 9775.53"," 78539.760","0.82"," 58.80900"," 7.888598"
"302","2020-05-18"," 214.91","1064139.25"," 9733.93"," 82006.604","0.84"," 58.63310"," 7.881983"
"303","2020-05-15"," 194.86"," 904749.64"," 9316.42","115890.762","0.75"," 58.10856"," 7.861669"
"304","2020-05-14"," 203.29","1114700.25"," 9791.98","129565.377","0.71"," 57.93475"," 7.853706"
"305","2020-05-13"," 199.58"," 806143.01"," 9309.37"," 92466.274","0.71"," 57.76147"," 7.845337"
"306","2020-05-12"," 189.76"," 669755.80"," 8810.79"," 86522.780","0.72"," 57.58870"," 7.841178"
"307","2020-05-11"," 185.73","1093299.82"," 8561.52","168807.252","0.75"," 69.60057"," 7.835130"
"308","2020-05-08"," 211.31"," 917908.19"," 9800.01","100683.796","0.74"," 77.78218"," 7.823473"
"309","2020-05-07"," 212.00","1305778.74"," 9986.40","147154.611","0.70"," 77.78218"," 7.816630"
"310","2020-05-06"," 198.97"," 862700.68"," 9142.92","105925.302","0.71"," 77.78218"," 7.808995"
"311","2020-05-05"," 205.29"," 640644.66"," 9021.83"," 76480.765","0.71"," 77.78218"," 7.801668"
"312","2020-05-04"," 206.48","1114249.33"," 8871.96"," 84418.512","0.69"," 77.78218"," 7.797496"
"313","2020-05-01"," 212.02"," 794913.96"," 8826.96"," 91468.815","0.68"," 77.20680"," 7.779521"
"314","2020-04-30"," 206.08","1749691.00"," 8620.00","206277.214","0.72"," 76.97588"," 7.774675"
"315","2020-04-29"," 215.36","1620422.72"," 8778.57","183546.888","0.78"," 76.74564"," 7.766949"
"316","2020-04-28"," 196.24"," 636829.89"," 7738.98"," 46302.753","0.76"," 76.51609"," 7.755910"
"317","2020-04-27"," 196.34"," 896627.37"," 7774.62"," 65441.340","0.78"," 76.28723"," 7.745056"
"318","2020-04-24"," 187.59"," 780904.21"," 7505.00"," 60182.120","0.72"," 75.60474"," 7.716465"
"319","2020-04-23"," 185.51","1457867.09"," 7482.39","102773.570","0.67"," 75.37861"," 7.705833"
"320","2020-04-22"," 182.70"," 988698.39"," 7125.14"," 61486.377","0.69"," 75.15315"," 7.700885"
"321","2020-04-21"," 170.74"," 906381.65"," 6841.37"," 60109.711","0.58"," 74.92836"," 7.691324"
"322","2020-04-20"," 170.20","1547821.53"," 6826.83"," 90149.491","0.56"," 74.70425"," 7.682722"
"323","2020-04-17"," 170.69"," 723537.76"," 7027.55"," 54126.510","0.67"," 74.03593"," 7.658323"
"324","2020-04-16"," 172.29","1647207.60"," 7101.94","125009.858","0.70"," 73.81448"," 7.648997"
"325","2020-04-15"," 152.73"," 729119.67"," 6621.24"," 61571.385","0.87"," 73.59370"," 7.640725"
"326","2020-04-14"," 158.45"," 698030.65"," 6868.70"," 69068.623","0.94"," 73.37358"," 7.633586"
"327","2020-04-13"," 156.29","1042091.04"," 6837.91"," 96415.477","0.94"," 73.15412"," 7.631570"
"328","2020-04-10"," 157.81","1314841.36"," 6858.92","104674.623","0.93"," 72.49966"," 7.618253"
"329","2020-04-09"," 169.52"," 719837.24"," 7283.54"," 61094.872","0.90"," 72.28281"," 7.621322"
"330","2020-04-08"," 173.11","1023575.92"," 7361.28"," 76059.146","0.87"," 72.06661"," 7.623210"
"331","2020-04-07"," 164.63","1717962.83"," 7197.32","103585.169","0.86"," 71.85106"," 7.630580"
"332","2020-04-06"," 171.32","1636338.73"," 7329.90","118052.001","0.85"," 71.63615"," 7.632550"
"333","2020-04-03"," 141.31"," 797546.11"," 6734.10","104080.277","0.78"," 70.99528"," 7.628448"
"334","2020-04-02"," 141.28","1138977.66"," 6794.09","149299.907","0.73"," 70.78293"," 7.627973"
"335","2020-04-01"," 135.69"," 680922.25"," 6642.92"," 97500.752","0.56"," 70.57121"," 7.627649"
"336","2020-03-31"," 132.72"," 547669.28"," 6410.44"," 72337.595","0.49"," 70.36013"," 7.624052"
"337","2020-03-30"," 132.06"," 764831.93"," 6394.38","118889.550","0.57"," 70.14968"," 7.626042"
"338","2020-03-27"," 131.33"," 706948.55"," 6359.11"," 82914.968","0.54"," 69.53077"," 7.635600"
"339","2020-03-26"," 138.40"," 751060.63"," 6737.36"," 83026.555","0.72"," 69.32280"," 7.636825"
"340","2020-03-25"," 136.10","1034248.74"," 6677.43","132155.735","0.69"," 69.11546"," 7.642177"
"341","2020-03-24"," 138.42","1244377.16"," 6744.72","151138.010","0.55"," 68.90873"," 7.647517"
"342","2020-03-23"," 135.92","1436796.12"," 6467.31","164674.216","0.37"," 68.70262"," 7.669643"
"343","2020-03-20"," 133.48","2504057.64"," 6208.36","219298.330","0.31"," 68.08799"," 7.781797"
"344","2020-03-19"," 136.30","1801071.19"," 6162.37","199020.873","0.14"," 67.88434"," 7.813849"
"345","2020-03-19"," 136.30","1801071.19"," 6162.37","199020.873","0.14"," 67.88434"," 7.813849"
"346","2020-03-18"," 118.11","1201850.31"," 5393.04","137127.635","0.16"," 67.68129"," 7.732426"
"347","2020-03-17"," 115.67","1295108.48"," 5312.64","150089.926","0.16"," 67.47886"," 7.806105"
"348","2020-03-16"," 111.02","2442064.14"," 5028.97","227276.923","0.30"," 67.27703"," 7.468042"
"349","2020-03-13"," 134.06","4663239.93"," 5578.60","402201.674","0.53"," 73.33831"," 8.102217"
"350","2020-03-12"," 107.82","3814533.14"," 4800.00","261505.609","0.63"," 76.83752"," 7.923094"
"351","2020-03-11"," 194.61","1079824.90"," 7934.52"," 79942.411","0.69"," 77.78218"," 8.037076"
"352","2020-03-10"," 200.70","1020260.11"," 7894.56"," 86783.444","0.77"," 77.78218"," 8.037924"
"353","2020-03-09"," 202.81","1661331.84"," 7929.87","116968.863","0.80"," 77.78218"," 8.037709"
"354","2020-03-06"," 244.88"," 628147.33"," 9131.88"," 43782.948","1.14"," 77.78218"," 8.059454"
"355","2020-03-05"," 228.38"," 601479.88"," 9054.68"," 58201.866","1.28"," 77.78218"," 8.071500"
"356","2020-03-04"," 224.26"," 443780.34"," 8750.87"," 38696.483","1.34"," 77.78218"," 8.074461"
"357","2020-03-03"," 223.91"," 741498.55"," 8760.07"," 55154.997","1.34"," 77.78218"," 8.078150"
"358","2020-03-02"," 231.97"," 810051.48"," 8915.24"," 60401.318","1.32"," 77.78218"," 8.080212"
"359","2020-02-28"," 226.76","1054994.92"," 8692.91"," 71155.209","1.33"," 77.78218"," 7.953733"
"360","2020-02-27"," 227.79","1273793.12"," 8823.21"," 72483.579","1.48"," 77.78218"," 7.906829"
"361","2020-02-26"," 223.93","1395879.42"," 8785.25"," 92130.345","1.50"," 77.78218"," 7.842410"
"362","2020-02-25"," 246.67"," 774791.01"," 9315.84"," 54379.345","1.52"," 77.78218"," 7.824594"
"363","2020-02-24"," 265.52"," 696591.73"," 9656.13"," 55796.596","1.57"," 77.78218"," 7.779146"
"364","2020-02-21"," 265.27"," 525827.87"," 9677.05"," 42181.555","1.60"," 77.68955"," 7.647920"
"365","2020-02-20"," 256.96"," 972969.72"," 9596.42"," 60152.343","1.63"," 77.64936"," 7.571453"
"366","2020-02-19"," 258.45"," 705973.73"," 9593.79"," 55162.587","1.65"," 77.64081"," 7.559566"
"367","2020-02-18"," 282.61","1115523.44","10164.71"," 70604.124","1.64"," 77.59724"," 7.524009"
"368","2020-02-17"," 267.85","1110371.39"," 9706.00"," 70261.012","1.64"," 77.42974"," 7.508777"
"369","2020-02-14"," 285.15"," 734944.32","10344.36"," 47038.480","1.64"," 76.73703"," 7.311075"
"370","2020-02-13"," 268.32","1089679.15","10229.63"," 79344.359","1.65"," 76.50751"," 7.224930"
"371","2020-02-12"," 265.74","1038073.75","10326.46"," 61008.064","1.64"," 76.27867"," 7.173650"
"372","2020-02-11"," 236.69"," 595576.90","10223.08"," 62422.395","1.60"," 76.05052"," 7.176201"
"373","2020-02-10"," 222.89"," 510415.50"," 9851.83"," 59573.085","1.62"," 75.82305"," 7.166279"
"374","2020-02-07"," 223.33"," 629361.15"," 9813.73"," 43966.115","1.61"," 75.14472"," 7.157555"
"375","2020-02-06"," 213.19"," 608240.22"," 9772.00"," 64949.707","1.61"," 74.91996"," 7.172060"
"376","2020-02-05"," 203.78"," 550942.11"," 9612.04"," 64870.416","1.61"," 74.69587"," 7.190952"
"377","2020-02-04"," 188.91"," 366389.70"," 9197.02"," 53308.175","1.58"," 74.52818"," 7.234338"
"378","2020-02-03"," 189.69"," 417175.96"," 9292.24"," 50892.133","1.56"," 74.52818"," 7.253975"
"379","2020-01-31"," 179.99"," 385596.53"," 9352.89"," 45552.022","1.60"," 73.89979"," 7.333651"
"380","2020-01-30"," 184.69"," 477721.66"," 9513.21"," 60626.744","1.59"," 73.67875"," 7.354442"
"381","2020-01-29"," 173.72"," 317382.90"," 9301.53"," 53864.065","1.58"," 73.45838"," 7.377785"
"382","2020-01-28"," 175.64"," 473433.90"," 9374.21"," 74584.854","1.59"," 73.23866"," 7.425114"
"383","2020-01-27"," 170.08"," 365894.82"," 8907.57"," 53973.543","1.56"," 73.18928"," 7.451078"
"384","2020-01-24"," 162.54"," 430013.20"," 8439.00"," 41687.530","1.62"," 73.16595"," 7.559856"
"385","2020-01-23"," 162.81"," 373414.35"," 8404.52"," 48165.945","1.64"," 73.16595"," 7.587443"
"386","2020-01-22"," 168.07"," 272240.90"," 8682.36"," 29080.557","1.64"," 73.16595"," 7.626636"
"387","2020-01-21"," 169.49"," 308007.64"," 8736.03"," 36494.688","1.66"," 73.16595"," 7.645289"
"388","2020-01-20"," 166.87"," 358092.88"," 8642.35"," 38896.640","1.67"," 73.16595"," 7.663599"
"389","2020-01-17"," 169.85"," 767180.68"," 8913.28"," 70897.737","1.68"," 73.12146"," 7.732160"
"390","2020-01-16"," 164.21"," 456170.87"," 8720.01"," 51991.074","1.68"," 73.12146"," 7.748545"
"391","2020-01-15"," 166.40"," 721687.80"," 8821.41"," 84816.298","1.67"," 73.12146"," 7.774735"
"392","2020-01-14"," 165.64","1108476.31"," 8810.01","120399.127","1.70"," 73.12146"," 7.789027"
"393","2020-01-13"," 143.58"," 207996.62"," 8110.34"," 31159.756","1.70"," 73.12146"," 7.803509"
"394","2020-01-10"," 144.84"," 409403.60"," 8197.02"," 82406.777","1.67"," 73.12146"," 7.869019"
"395","2020-01-09"," 137.74"," 366076.07"," 7817.76"," 64239.520","1.67"," 73.12146"," 7.899566"
"396","2020-01-08"," 140.72"," 570465.58"," 8055.98","112622.643","1.68"," 73.12146"," 7.923425"
"397","2020-01-07"," 142.80"," 447762.17"," 8145.28"," 91171.685","1.67"," 73.12146"," 7.946284"
"398","2020-01-06"," 144.15"," 408020.27"," 7758.00"," 54635.695","1.69"," 73.12146"," 7.981184"
"399","2020-01-03"," 134.35"," 413055.19"," 7344.96"," 68428.500","1.69"," 73.12146"," 8.063425"
"400","2020-01-02"," 127.19"," 213757.06"," 6965.71"," 31951.484","1.72"," 73.12146"," 8.085018"
"401","2020-01-01"," 130.77"," 144770.52"," 7200.85"," 16792.388","1.70"," 73.12146"," 8.107114"
"402","2019-12-31"," 129.16"," 264933.98"," 7195.23"," 25954.454","1.68"," 73.12146"," 8.135937"
"403","2019-12-30"," 131.59"," 320347.22"," 7246.00"," 29605.912","1.66"," 73.12146"," 8.158266"
"404","2019-12-27"," 126.29"," 240012.37"," 7254.74"," 33642.702","1.64"," 73.12146"," 8.227342"
"405","2019-12-26"," 125.58"," 274986.52"," 7202.00"," 36259.761","1.66"," 73.12146"," 8.251319"
"406","2019-12-25"," 125.09"," 225004.49"," 7204.63"," 27492.044","1.66"," 73.12146"," 8.272730"
"407","2019-12-24"," 127.75"," 200637.10"," 7255.77"," 43629.494","1.67"," 73.12146"," 8.285366"
"408","2019-12-23"," 127.80"," 421600.76"," 7317.09"," 68051.997","1.67"," 73.12146"," 8.296544"
"409","2019-12-20"," 128.19"," 213897.47"," 7187.83"," 32132.069","1.67"," 73.12146"," 8.315822"
"410","2019-12-19"," 128.10"," 420674.82"," 7150.30"," 55509.049","1.68"," 73.12146"," 8.317957"
"411","2019-12-18"," 132.78"," 884960.91"," 7277.83"," 95636.651","1.68"," 73.12146"," 8.268767"
"412","2019-12-17"," 121.88"," 563257.36"," 6623.82"," 53865.070","1.65"," 73.12146"," 8.302124"
"413","2019-12-16"," 132.73"," 471018.86"," 6891.72"," 43863.993","1.64"," 73.12146"," 8.330095"
"414","2019-12-13"," 144.80"," 160695.19"," 7258.48"," 27609.874","1.62"," 73.12146"," 8.331857"
"415","2019-12-12"," 144.87"," 261615.30"," 7198.08"," 42288.601","1.62"," 73.12146"," 8.334142"
"416","2019-12-11"," 143.39"," 157843.10"," 7210.00"," 30093.092","1.60"," 73.12146"," 8.336071"
"417","2019-12-10"," 145.56"," 203215.85"," 7224.13"," 49723.762","1.59"," 73.12146"," 8.331874"
"418","2019-12-09"," 147.38"," 243775.99"," 7338.64"," 46621.887","1.59"," 73.12146"," 8.336616"
"419","2019-12-06"," 148.45"," 220674.69"," 7527.47"," 48189.088","1.59"," 73.12146"," 8.342696"
"420","2019-12-05"," 148.10"," 299073.54"," 7389.00"," 59306.679","1.55"," 73.12146"," 8.340137"
"421","2019-12-04"," 145.38"," 434430.62"," 7194.32"," 83147.149","1.54"," 73.12146"," 8.343124"
"422","2019-12-03"," 147.17"," 196329.23"," 7292.71"," 33149.477","1.51"," 73.12146"," 8.346094"
"423","2019-12-02"," 148.65"," 233839.10"," 7294.28"," 46330.256","1.54"," 73.12146"," 8.341818"
"424","2019-11-29"," 154.57"," 328712.26"," 7739.68"," 60745.301","1.50"," 73.12146"," 8.346113"
"425","2019-11-28"," 150.72"," 317714.56"," 7419.49"," 56933.981","1.51"," 73.12146"," 8.350289"
"426","2019-11-27"," 152.62"," 564796.43"," 7508.52"," 92452.873","1.54"," 73.12146"," 8.353454"
"427","2019-11-26"," 147.47"," 354023.04"," 7156.14"," 65722.398","1.52"," 73.12146"," 8.348993"
"428","2019-11-25"," 145.69"," 749675.41"," 7109.57","119645.735","1.53"," 73.12146"," 8.351577"
"429","2019-11-22"," 149.56"," 977977.24"," 7268.23","126603.140","1.53"," 73.12146"," 8.343685"
"430","2019-11-21"," 161.01"," 473895.93"," 7627.74"," 58418.780","1.53"," 73.12146"," 8.330770"
"431","2019-11-20"," 174.72"," 216315.93"," 8098.01"," 32466.231","1.51"," 73.12146"," 8.326245"
"432","2019-11-19"," 175.94"," 275886.64"," 8133.64"," 43556.061","1.53"," 73.12146"," 8.319947"
"433","2019-11-18"," 178.20"," 293551.24"," 8187.17"," 43017.691","1.54"," 73.12146"," 8.301165"
"434","2019-11-15"," 180.00"," 407466.79"," 8471.73"," 46087.418","1.52"," 73.12146"," 8.266785"
"435","2019-11-14"," 184.92"," 245505.30"," 8646.68"," 33468.469","1.54"," 73.12146"," 8.259614"
"436","2019-11-13"," 188.11"," 197273.84"," 8777.12"," 26810.117","1.58"," 73.12146"," 8.240868"
"437","2019-11-12"," 187.09"," 256782.63"," 8821.94"," 40366.629","1.60"," 73.12146"," 8.232715"
"438","2019-11-11"," 184.98"," 255579.93"," 8733.27"," 44888.054","1.62"," 73.12146"," 8.224978"
"439","2019-11-08"," 183.74"," 365029.75"," 8773.73"," 62107.289","1.63"," 73.12146"," 8.186694"
"440","2019-11-07"," 186.68"," 309882.08"," 9216.20"," 39117.471","1.61"," 73.12146"," 8.167432"
"441","2019-11-06"," 191.16"," 343219.92"," 9339.05"," 37336.170","1.57"," 73.12146"," 8.159305"
"442","2019-11-05"," 188.68"," 389668.65"," 9308.66"," 45935.874","1.58"," 73.12146"," 8.139788"
"443","2019-11-04"," 185.71"," 321175.29"," 9393.35"," 45894.456","1.56"," 73.12146"," 8.131555"
"444","2019-11-01"," 182.85"," 331519.77"," 9231.61"," 43594.814","1.50"," 73.12146"," 8.094659"
"445","2019-10-31"," 182.18"," 410969.86"," 9140.85"," 54376.025","1.44"," 73.12146"," 8.076495"
"446","2019-10-30"," 183.13"," 537770.43"," 9154.72"," 55241.786","1.47"," 73.12146"," 8.069146"
"447","2019-10-29"," 190.46"," 529964.51"," 9407.62"," 64158.462","1.51"," 73.12146"," 8.061433"
"448","2019-10-28"," 181.72"," 582179.45"," 9205.14"," 80174.217","1.53"," 73.12146"," 8.044765"
"449","2019-10-25"," 181.50"," 904832.86"," 8655.02"," 90748.218","1.55"," 73.12146"," 8.019958"
"450","2019-10-24"," 160.38"," 387310.84"," 7412.41"," 32714.383","1.52"," 73.12146"," 8.015543"
"451","2019-10-23"," 162.35"," 746955.10"," 7466.62"," 63897.457","1.52"," 73.12146"," 8.000496"
"452","2019-10-22"," 171.20"," 255429.42"," 8020.00"," 34651.829","1.53"," 73.12146"," 7.994110"
"453","2019-10-21"," 173.98"," 270608.51"," 8197.27"," 30448.680","1.53"," 73.12146"," 7.985925"
"454","2019-10-18"," 172.74"," 319602.49"," 7947.01"," 31353.181","1.52"," 73.12146"," 7.935674"
"455","2019-10-17"," 177.16"," 298795.82"," 8070.58"," 29656.949","1.52"," 73.12146"," 7.926375"
"456","2019-10-16"," 174.47"," 347764.93"," 7991.74"," 34733.594","1.35"," 73.12146"," 7.915849"
"457","2019-10-15"," 180.49"," 405466.38"," 8159.29"," 32773.062","1.33"," 73.12146"," 7.889567"
"458","2019-10-14"," 186.72"," 279732.85"," 8348.20"," 29810.663","1.33"," 73.12146"," 7.877451"
"459","2019-10-11"," 180.72"," 621693.63"," 8258.50"," 50405.284","1.34"," 73.12146"," 7.827315"
"460","2019-10-10"," 191.14"," 436588.58"," 8558.03"," 39137.946","1.29"," 73.12146"," 7.801515"
"461","2019-10-09"," 192.62"," 562506.82"," 8560.74"," 55038.704","1.24"," 73.12146"," 7.787732"
"462","2019-10-08"," 180.60"," 400832.38"," 8168.39"," 35452.657","1.25"," 73.12146"," 7.762296"
"463","2019-10-07"," 179.85"," 496523.48"," 8190.09"," 52202.072","1.27"," 73.12146"," 7.752211"
"464","2019-10-04"," 175.55"," 333897.64"," 8137.13"," 26476.330","1.27"," 73.12146"," 7.713117"
"465","2019-10-03"," 174.69"," 354756.78"," 8223.96"," 30488.284","1.25"," 73.12146"," 7.692934"
"466","2019-10-02"," 180.24"," 348268.12"," 8359.94"," 26243.387","1.29"," 73.12146"," 7.684925"
"467","2019-10-01"," 175.66"," 609819.61"," 8292.44"," 43472.418","1.33"," 73.12146"," 7.665463"
"468","2019-09-30"," 180.85"," 580295.40"," 8289.34"," 55865.487","1.35"," 73.12146"," 7.656781"
"469","2019-09-27"," 173.79"," 634932.97"," 8177.91"," 43882.925","1.36"," 73.12146"," 7.625911"
"470","2019-09-26"," 165.92"," 779942.17"," 8063.73"," 67930.854","1.40"," 73.12146"," 7.611427"
"471","2019-09-25"," 169.96"," 879001.46"," 8430.05"," 60783.892","1.41"," 73.12146"," 7.609254"
"472","2019-09-24"," 165.81","1478218.83"," 8493.14"," 94007.345","1.39"," 73.12146"," 7.606581"
"473","2019-09-23"," 201.29"," 392437.07"," 9702.25"," 31937.232","1.42"," 73.12146"," 7.596248"
"474","2019-09-20"," 218.03"," 437804.13","10168.59"," 25088.491","1.42"," 73.12146"," 7.564458"
"475","2019-09-19"," 220.24"," 844358.82","10244.29"," 44826.283","1.41"," 73.12146"," 7.544413"
"476","2019-09-18"," 210.21"," 539028.51","10156.99"," 24250.249","1.40"," 73.12146"," 7.532984"
"477","2019-09-17"," 207.84"," 715863.23","10187.82"," 22914.325","1.46"," 73.12146"," 7.521749"
"478","2019-09-16"," 197.22"," 551006.82","10251.31"," 28971.402","1.48"," 73.12146"," 7.500408"
"479","2019-09-13"," 180.95"," 264422.54","10342.06"," 30280.340","1.46"," 73.12146"," 7.466467"
"480","2019-09-12"," 180.72"," 203543.14","10415.01"," 34511.163","1.43"," 73.12146"," 7.445700"
"481","2019-09-11"," 178.28"," 278555.47","10158.33"," 31953.825","1.40"," 73.12146"," 7.435390"
"482","2019-09-10"," 179.81"," 238387.51","10098.15"," 28915.412","1.40"," 73.12146"," 7.411012"
"483","2019-09-09"," 180.54"," 273729.95","10303.12"," 39835.728","1.38"," 73.12146"," 7.397613"
"484","2019-09-06"," 169.08"," 315822.38","10298.73"," 58799.641","1.35"," 73.12146"," 7.341031"
"485","2019-09-05"," 173.75"," 232753.84","10564.49"," 33970.961","1.35"," 73.12146"," 7.314568"
"486","2019-09-04"," 174.72"," 286226.25","10567.02"," 43943.889","1.31"," 73.12146"," 7.302262"
"487","2019-09-03"," 178.75"," 327857.85","10615.28"," 47998.377","1.29"," 73.12146"," 7.276309"
"488","2019-09-02"," 178.05"," 294627.31","10340.00"," 44740.248","1.31"," 73.12146"," 7.262859"
"489","2019-08-30"," 168.50"," 238616.69"," 9584.54"," 26834.318","1.35"," 73.12146"," 7.221993"
"490","2019-08-29"," 169.01"," 295241.22"," 9498.44"," 35532.695","1.39"," 73.12146"," 7.205049"
"491","2019-08-28"," 173.03"," 334480.62"," 9721.00"," 42110.555","1.36"," 73.12146"," 7.196967"
"492","2019-08-27"," 187.24"," 157898.56","10185.05"," 28402.775","1.36"," 73.12146"," 7.178964"
"493","2019-08-26"," 188.67"," 254397.79","10372.25"," 41687.512","1.34"," 73.12146"," 7.167335"
"494","2019-08-23"," 194.02"," 192548.52","10389.55"," 27550.336","1.35"," 73.12146"," 7.119143"
"495","2019-08-22"," 190.35"," 245575.99","10099.88"," 34059.643","1.35"," 73.12146"," 7.110639"
"496","2019-08-21"," 187.45"," 284973.64","10142.57"," 47355.719","1.34"," 73.12146"," 7.099550"
"497","2019-08-20"," 196.60"," 189297.75","10760.51"," 32298.922","1.34"," 73.12146"," 7.097976"
"498","2019-08-19"," 202.28"," 239541.60","10915.54"," 37243.319","1.36"," 73.12146"," 7.094670"
"499","2019-08-16"," 184.88"," 282177.02","10331.54"," 51758.143","1.34"," 73.12146"," 7.099757"
"500","2019-08-15"," 188.03"," 237953.09","10293.93"," 38174.451","1.34"," 73.12146"," 7.103616"
"501","2019-08-14"," 187.10"," 325228.99","10050.37"," 54451.847","1.36"," 73.12146"," 7.112534"
"502","2019-08-13"," 209.30"," 166922.48","10892.71"," 33234.730","1.44"," 73.12146"," 7.114862"
"503","2019-08-12"," 211.41"," 122760.95","11396.08"," 17568.227","1.39"," 73.12146"," 7.121963"
"504","2019-08-09"," 210.53"," 232062.13","11879.99"," 39427.153","1.44"," 73.12146"," 7.123030"
"505","2019-08-08"," 221.39"," 236886.35","11999.77"," 51207.257","1.43"," 73.12146"," 7.124206"
"506","2019-08-07"," 226.10"," 279104.70","11975.03"," 69173.390","1.38"," 73.12146"," 7.120679"
"507","2019-08-06"," 226.28"," 341279.08","11481.69"," 76705.390","1.40"," 73.12146"," 7.120853"
"508","2019-08-05"," 233.54"," 307956.27","11828.80"," 65153.674","1.39"," 73.12146"," 7.117318"
"509","2019-08-02"," 217.61"," 206867.03","10523.75"," 42990.444","1.45"," 73.12146"," 7.116343"
"510","2019-08-01"," 216.84"," 186806.19","10374.99"," 41727.637","1.47"," 73.12146"," 7.114745"
"511","2019-07-31"," 218.42"," 207213.56","10080.53"," 39515.355","1.56"," 73.12146"," 7.117491"
"512","2019-07-30"," 209.58"," 222683.79"," 9574.21"," 32536.369","1.58"," 73.12146"," 7.116237"
"513","2019-07-29"," 210.89"," 226941.28"," 9507.64"," 29021.937","1.57"," 73.12146"," 7.116200"
"514","2019-07-26"," 218.81"," 197781.99"," 9824.00"," 27167.463","1.57"," 73.12146"," 7.121645"
"515","2019-07-25"," 219.14"," 280370.30"," 9879.87"," 37873.355","1.60"," 73.12146"," 7.119126"
"516","2019-07-24"," 216.31"," 331162.65"," 9763.28"," 43475.380","1.59"," 73.12146"," 7.126934"
"517","2019-07-23"," 212.48"," 317876.48"," 9864.91"," 47624.371","1.61"," 73.12146"," 7.129416"
"518","2019-07-22"," 217.51"," 271310.40","10340.31"," 40467.955","1.59"," 73.12146"," 7.138348"
"519","2019-07-19"," 220.73"," 371622.22","10504.29"," 56546.932","1.60"," 73.12146"," 7.125489"
"520","2019-07-18"," 225.73"," 609081.49","10627.16"," 80283.310","1.60"," 73.12146"," 7.112516"
"521","2019-07-17"," 210.81"," 694854.10"," 9667.92"," 84942.673","1.60"," 73.12146"," 7.106286"
"522","2019-07-16"," 198.88"," 715604.83"," 9439.59"," 97219.443","1.63"," 73.00150"," 7.094578"
"523","2019-07-15"," 228.20"," 715991.21","10838.72"," 81922.426","1.61"," 72.78316"," 7.096706"
"524","2019-07-12"," 274.62"," 266734.54","11757.22"," 56321.858","1.62"," 72.13202"," 7.095415"
"525","2019-07-11"," 268.63"," 501592.75","11342.89"," 87506.461","1.63"," 71.91627"," 7.098557"
"526","2019-07-10"," 289.23"," 457080.94","12108.37","109246.045","1.59"," 71.70117"," 7.093364"
"527","2019-07-09"," 307.46"," 309447.35","12543.41"," 78442.130","1.56"," 71.48671"," 7.091197"
"528","2019-07-08"," 311.97"," 289607.34","12238.60"," 52182.367","1.55"," 71.27289"," 7.078800"
"529","2019-07-05"," 287.47"," 261139.28","10970.73"," 63534.351","1.55"," 70.63526"," 7.074163"
"530","2019-07-04"," 282.73"," 270791.37","11145.67"," 66512.222","1.50"," 70.42399"," 7.065070"
"531","2019-07-03"," 301.14"," 370521.97","11940.00"," 96815.900","1.51"," 70.21335"," 7.061111"
"532","2019-07-02"," 291.48"," 493772.97","10842.85","109561.039","1.50"," 70.00334"," 7.050792"
"533","2019-07-01"," 295.07"," 489769.27","10624.93"," 90962.268","1.53"," 69.79396"," 7.051765"
"534","2019-06-28"," 311.05"," 529174.48","12400.63"," 95795.204","1.53"," 69.16956"," 7.018950"
"535","2019-06-27"," 298.35","1016826.45","11329.99","173894.821","1.53"," 68.96267"," 7.012039"
"536","2019-06-26"," 339.39","1008551.29","13093.80","155930.147","1.56"," 68.75640"," 7.001273"
"537","2019-06-25"," 318.26"," 345559.65","11820.86"," 61276.687","1.52"," 68.55075"," 6.998325"
"538","2019-06-24"," 311.64"," 352791.27","11056.59"," 43101.045","1.57"," 68.34571"," 6.993731"
"539","2019-06-21"," 294.35"," 519818.07","10159.86"," 50484.416","1.60"," 67.73427"," 7.037738"
"540","2019-06-20"," 271.22"," 200717.77"," 9517.12"," 34556.054","1.58"," 67.53168"," 7.040658"
"541","2019-06-19"," 268.14"," 208375.68"," 9255.49"," 32147.706","1.53"," 67.32969"," 7.068168"
"542","2019-06-18"," 264.66"," 319941.55"," 9081.55"," 51554.569","1.49"," 67.12831"," 7.074106"
"543","2019-06-17"," 273.16"," 339277.67"," 9313.96"," 47895.485","1.45"," 66.92752"," 7.097936"
"544","2019-06-14"," 262.47"," 327383.28"," 8650.00"," 39835.246","1.48"," 66.32877"," 7.133657"
"545","2019-06-13"," 254.67"," 291757.22"," 8218.54"," 30467.764","1.51"," 66.13038"," 7.164872"
"546","2019-06-12"," 261.15"," 336499.30"," 8127.64"," 41597.083","1.53"," 65.93258"," 7.175749"
"547","2019-06-11"," 244.29"," 237508.43"," 7884.90"," 30334.999","1.57"," 65.73538"," 7.208413"
"548","2019-06-10"," 246.51"," 314662.53"," 7982.75"," 36756.078","1.60"," 65.53876"," 7.219531"
"549","2019-06-07"," 248.77"," 353378.66"," 7980.53"," 33942.226","1.61"," 64.95243"," 7.210885"
"550","2019-06-06"," 248.76"," 297579.15"," 7786.70"," 36624.119","1.58"," 64.75816"," 7.184636"
"551","2019-06-05"," 245.63"," 335953.38"," 7776.50"," 48679.656","1.59"," 64.56447"," 7.155284"
"552","2019-06-04"," 241.39"," 633822.71"," 7687.03"," 74143.949","1.59"," 64.37135"," 7.125003"
"553","2019-06-03"," 249.91"," 397360.65"," 8115.82"," 45692.965","1.56"," 64.17881"," 7.115686"
"554","2019-05-31"," 267.90"," 602153.87"," 8555.00"," 44727.492","1.58"," 63.61293"," 7.121000"
"555","2019-05-30"," 254.56","1066279.49"," 8269.54"," 70379.999","1.59"," 63.42266"," 7.126853"
"556","2019-05-29"," 268.83"," 383412.46"," 8645.68"," 33880.866","1.59"," 63.23296"," 7.163186"
"557","2019-05-28"," 271.03"," 409443.69"," 8715.64"," 31470.552","1.58"," 63.04383"," 7.176385"
"558","2019-05-27"," 270.53"," 635463.50"," 8756.32"," 51886.769","1.60"," 62.85526"," 7.227240"
"559","2019-05-24"," 248.87"," 447066.93"," 7964.87"," 46664.785","1.62"," 62.29294"," 7.346427"
"560","2019-05-23"," 244.56"," 600193.89"," 7851.51"," 49648.185","1.62"," 62.10662"," 7.377185"
"561","2019-05-22"," 243.64"," 592848.96"," 7628.43"," 49136.995","1.68"," 61.92086"," 7.369192"
"562","2019-05-21"," 253.43"," 580249.70"," 7904.87"," 52301.752","1.72"," 61.73565"," 7.238378"
"563","2019-05-20"," 250.37"," 666889.82"," 7938.15"," 65859.209","1.71"," 61.55100"," 7.061006"
"564","2019-05-17"," 244.30","1529892.57"," 7355.26"," 88752.008","1.71"," 61.00035"," 6.726000"
"565","2019-05-16"," 264.25","1733360.89"," 7866.59"," 69630.514","1.75"," 60.81789"," 6.693215"
"566","2019-05-15"," 248.10"," 574697.30"," 8169.87"," 37884.327","1.74"," 60.63599"," 6.723269"
"567","2019-05-14"," 216.40"," 864211.01"," 7947.56"," 76583.723","1.75"," 60.45462"," 6.733595"
"568","2019-05-13"," 195.84"," 669265.47"," 7790.71"," 85804.735","1.73"," 60.27380"," 6.749344"
"569","2019-05-10"," 172.91"," 425543.74"," 6373.33"," 36623.611","1.75"," 59.73458"," 6.863477"
"570","2019-05-09"," 170.90"," 284663.99"," 6209.18"," 27453.011","1.73"," 59.55591"," 6.887072"
"571","2019-05-08"," 170.85"," 296410.76"," 5987.29"," 23074.052","1.75"," 59.37777"," 6.930265"
"572","2019-05-07"," 169.18"," 732496.88"," 5846.34"," 39905.064","1.76"," 59.20017"," 6.956378"
"573","2019-05-06"," 173.00"," 506528.14"," 5747.79"," 25256.596","1.81"," 59.02310"," 7.014159"
"574","2019-05-03"," 168.06"," 416357.52"," 5772.69"," 46297.173","1.80"," 58.49507"," 7.167475"
"575","2019-05-02"," 161.81"," 289519.02"," 5492.87"," 22795.788","1.78"," 58.32011"," 7.212498"
"576","2019-05-01"," 160.19"," 192517.63"," 5383.20"," 17217.473","1.83"," 58.14567"," 7.302498"
"577","2019-04-30"," 161.83"," 305056.25"," 5320.81"," 22238.068","1.85"," 57.97176"," 7.349754"
"578","2019-04-29"," 155.11"," 243591.95"," 5238.14"," 19918.135","1.86"," 57.79836"," 7.442640"
"579","2019-04-26"," 157.95"," 500355.86"," 5314.10"," 48912.295","1.86"," 57.28128"," 7.661144"
"580","2019-04-25"," 154.72"," 422657.03"," 5219.90"," 49636.090","1.86"," 57.10995"," 7.719076"
"581","2019-04-24"," 164.78"," 426497.04"," 5415.00"," 48224.152","1.87"," 56.93913"," 7.831224"
"582","2019-04-23"," 169.16"," 363523.35"," 5493.31"," 41262.104","1.87"," 56.76883"," 7.888898"
"583","2019-04-22"," 170.52"," 269868.40"," 5357.14"," 29563.852","1.87"," 56.59903"," 7.994294"
"584","2019-04-19"," 172.64"," 320541.72"," 5258.68"," 24611.236","1.86"," 56.09268"," 8.215887"
"585","2019-04-18"," 173.33"," 396118.94"," 5258.44"," 22619.239","1.86"," 55.92490"," 8.326745"
"586","2019-04-17"," 165.75"," 227841.55"," 5202.82"," 23307.536","1.84"," 55.75763"," 8.378958"
"587","2019-04-16"," 165.37"," 240370.50"," 5173.72"," 24242.229","1.86"," 55.59086"," 8.475466"
"588","2019-04-15"," 159.95"," 351548.91"," 5024.95"," 29057.192","1.85"," 55.42459"," 8.526786"
"589","2019-04-12"," 163.19"," 316337.88"," 5048.01"," 33276.679","1.86"," 54.92874"," 8.797071"
"590","2019-04-11"," 164.07"," 661305.30"," 5017.37"," 54696.601","1.82"," 54.76445"," 8.854616"
"591","2019-04-10"," 177.12"," 523943.20"," 5308.25"," 40073.620","1.83"," 54.60065"," 8.912689"
"592","2019-04-09"," 174.60"," 431986.36"," 5150.00"," 34067.012","1.80"," 54.43734"," 9.019584"
"593","2019-04-08"," 178.72"," 873410.07"," 5236.90"," 50178.431","1.81"," 54.27451"," 9.075594"
"594","2019-04-05"," 164.77"," 516070.35"," 5004.95"," 39768.553","1.79"," 53.78896"," 9.319593"
"595","2019-04-04"," 157.36"," 686080.95"," 4898.66"," 61054.254","1.81"," 53.62807"," 9.374085"
"596","2019-04-03"," 159.96","1345344.54"," 4932.60","109890.126","1.81"," 53.47462"," 9.477010"
"597","2019-04-02"," 163.31"," 906868.86"," 4857.29","105383.639","1.81"," 53.31468"," 9.535934"
"598","2019-04-01"," 141.24"," 234310.19"," 4144.56"," 25507.068","1.82"," 53.15521"," 9.493618"
"599","2019-03-29"," 143.25"," 235853.05"," 4103.25"," 30084.217","1.78"," 52.68624"," 9.429642"
"600","2019-03-28"," 137.86"," 163185.70"," 4027.81"," 20089.294","1.72"," 52.52865"," 9.287115"
"601","2019-03-27"," 139.45"," 317167.45"," 4038.05"," 32364.556","1.74"," 52.37154"," 9.280094"
"602","2019-03-26"," 134.18"," 183139.11"," 3948.55"," 29349.538","1.75"," 52.21489"," 9.064052"
"603","2019-03-25"," 133.98"," 230880.29"," 3936.12"," 33192.890","1.77"," 52.05872"," 9.112670"
"604","2019-03-22"," 135.98"," 186119.75"," 3986.93"," 20022.606","1.80"," 51.59299"," 9.195361"
"605","2019-03-21"," 134.85"," 312531.39"," 3980.64"," 35997.682","1.86"," 51.43867"," 9.196004"
"606","2019-03-20"," 139.01"," 222883.52"," 4043.04"," 23432.300","1.88"," 51.28482"," 9.290416"
"607","2019-03-19"," 138.55"," 218577.45"," 4015.53"," 19893.742","1.85"," 51.13142"," 9.306193"
"608","2019-03-18"," 137.59"," 281718.96"," 3987.81"," 22454.478","1.88"," 50.97849"," 9.320460"
"609","2019-03-15"," 136.56"," 295832.27"," 3923.76"," 21740.061","1.86"," 50.52242"," 9.087317"
"610","2019-03-14"," 132.20"," 258413.82"," 3877.12"," 27048.749","1.85"," 50.37131"," 8.914923"
"611","2019-03-13"," 131.65"," 209456.10"," 3866.00"," 24461.009","1.84"," 50.22064"," 8.876935"
"612","2019-03-12"," 133.57"," 194905.97"," 3882.73"," 26921.009","1.81"," 50.07043"," 8.950003"
"613","2019-03-11"," 132.67"," 264587.01"," 3871.61"," 38066.886","1.82"," 49.92067"," 9.017979"
"614","2019-03-08"," 133.52"," 330283.58"," 3864.89"," 34730.367","1.80"," 49.47407"," 9.191780"
"615","2019-03-07"," 136.81"," 307336.49"," 3873.64"," 26455.258","1.80"," 49.32609"," 9.283059"
"616","2019-03-06"," 137.40"," 428826.87"," 3861.84"," 24775.119","1.81"," 49.17855"," 9.289857"
"617","2019-03-05"," 136.72"," 512631.23"," 3857.73"," 32962.536","1.83"," 49.03146"," 8.990425"
"618","2019-03-04"," 125.65"," 403947.79"," 3715.30"," 34742.842","1.84"," 48.88480"," 8.534983"
"619","2019-03-01"," 135.32"," 302632.03"," 3823.00"," 23174.572","1.85"," 48.44747"," 9.141595"
"620","2019-02-28"," 135.34"," 579327.32"," 3813.69"," 32561.961","1.84"," 48.30256"," 9.125035"
"621","2019-02-27"," 135.02"," 567202.61"," 3818.07"," 31500.995","1.84"," 48.15809"," 9.231028"
"622","2019-02-26"," 136.22"," 432944.17"," 3809.23"," 28838.748","1.82"," 48.01404"," 9.171807"
"623","2019-02-25"," 137.87"," 801147.10"," 3827.92"," 38102.966","1.82"," 47.87043"," 9.324348"
"624","2019-02-22"," 147.36"," 366251.19"," 3962.00"," 23943.164","1.82"," 47.44217"," 9.969481"
"625","2019-02-21"," 145.69"," 447364.41"," 3937.31"," 31103.885","1.80"," 47.30027"," 9.844717"
"626","2019-02-20"," 148.44"," 614303.61"," 3969.74"," 36205.141","1.79"," 47.15879"," 9.874538"
"627","2019-02-19"," 143.44"," 747968.90"," 3907.79"," 50207.173","1.76"," 47.01774"," 9.829472"
"628","2019-02-18"," 145.69","1079830.15"," 3898.60"," 64042.730","1.75"," 46.87711"," 9.335929"
"629","2019-02-15"," 121.67"," 255296.08"," 3602.47"," 20777.873","1.75"," 48.59051"," 8.226683"
"630","2019-02-14"," 120.42"," 297205.79"," 3590.56"," 21753.501","1.74"," 49.23149"," 8.188163"
"631","2019-02-13"," 121.86"," 317827.32"," 3609.40"," 25773.998","1.76"," 49.49567"," 8.237789"
"632","2019-02-12"," 122.41"," 343765.67"," 3631.46"," 29479.598","1.71"," 49.38797"," 8.143377"
"633","2019-02-11"," 120.89"," 389405.30"," 3631.05"," 24954.615","1.69"," 49.37774"," 8.116243"
"634","2019-02-08"," 119.25"," 589950.65"," 3659.04"," 47968.058","1.69"," 47.47815"," 7.446521"
"635","2019-02-07"," 104.48"," 147942.08"," 3398.40"," 18665.539","1.69"," 47.04537"," 7.024452"
"636","2019-02-06"," 104.50"," 337204.30"," 3405.37"," 35310.245","1.71"," 47.10030"," 6.954909"
"637","2019-02-05"," 107.27"," 159730.19"," 3471.59"," 25264.415","1.72"," 47.00426"," 7.138977"
"638","2019-02-04"," 107.68"," 160850.10"," 3463.22"," 23131.981","1.72"," 46.74300"," 7.190784"
"639","2019-02-01"," 106.73"," 243149.88"," 3462.07"," 25260.476","1.72"," 46.91027"," 7.199372"
"640","2019-01-31"," 106.44"," 290679.62"," 3434.10"," 29607.190","1.70"," 46.93257"," 7.239599"
"641","2019-01-30"," 108.29"," 330968.19"," 3458.18"," 23968.260","1.68"," 47.01375"," 7.251012"
"642","2019-01-29"," 104.45"," 319768.91"," 3411.04"," 29544.929","1.62"," 47.28544"," 7.033096"
"643","2019-01-28"," 105.50"," 566205.78"," 3434.15"," 40405.111","1.62"," 47.29296"," 7.098794"
"644","2019-01-25"," 115.11"," 198617.08"," 3565.29"," 17608.347","1.64"," 47.34917"," 7.802544"
"645","2019-01-24"," 116.39"," 216242.30"," 3569.62"," 20826.251","1.62"," 47.21368"," 7.862604"
"646","2019-01-23"," 116.44"," 230247.62"," 3552.82"," 24938.843","1.64"," 47.07247"," 7.942388"
"647","2019-01-22"," 117.81"," 359542.64"," 3570.93"," 29336.443","1.63"," 46.93167"," 7.939848"
"648","2019-01-21"," 115.63"," 303632.93"," 3526.90"," 19644.437","1.65"," 46.92017"," 7.896340"
"649","2019-01-18"," 119.17"," 235646.68"," 3594.87"," 22713.447","1.67"," 46.85114"," 8.160134"
"650","2019-01-17"," 121.54"," 447535.23"," 3616.21"," 29755.441","1.64"," 47.23755"," 8.203465"
"651","2019-01-16"," 121.48"," 513486.65"," 3591.84"," 27480.180","1.64"," 47.31646"," 8.274099"
"652","2019-01-15"," 118.95"," 649020.53"," 3553.06"," 34137.997","1.63"," 47.53176"," 8.458810"
"653","2019-01-14"," 126.95"," 546420.41"," 3626.09"," 35235.211","1.64"," 47.65177"," 8.491483"
"654","2019-01-11"," 124.65"," 545293.98"," 3601.31"," 38338.655","1.66"," 47.38466"," 8.772232"
"655","2019-01-10"," 124.95"," 871751.75"," 3585.88"," 59402.229","1.65"," 47.37484"," 8.984970"
"656","2019-01-09"," 148.10"," 299443.56"," 3966.65"," 28989.440","1.68"," 47.65480","10.236086"
"657","2019-01-08"," 147.60"," 441661.07"," 3955.13"," 38901.423","1.66"," 47.33623","10.148178"
"658","2019-01-07"," 149.34"," 424765.30"," 3975.45"," 31869.846","1.61"," 47.00350","10.273119"
"659","2019-01-04"," 151.97"," 805248.94"," 3792.01"," 29519.555","1.58"," 46.17833","10.356974"
"660","2019-01-03"," 146.30"," 708091.32"," 3766.78"," 29406.948","1.49"," 45.66169","10.151171"
"661","2019-01-02"," 152.01"," 941486.32"," 3858.56"," 35156.463","1.49"," 45.48953","10.282542"
"662","2019-01-01"," 139.10"," 401776.89"," 3797.14"," 23741.687","1.52"," 45.84451"," 9.771670"
"663","2018-12-31"," 131.45"," 484604.84"," 3702.90"," 29991.778","1.51"," 45.80541"," 9.629063"
"664","2018-12-28"," 135.30"," 894454.19"," 3839.26"," 45964.305","1.52"," 43.68119"," 9.157395"
"665","2018-12-27"," 113.80"," 752177.90"," 3567.91"," 44097.393","1.53"," 43.55054"," 8.628542"
"666","2018-12-26"," 129.35"," 794834.06"," 3777.74"," 42629.376","1.57"," 43.42028"," 9.244172"
"667","2018-12-25"," 127.60","1076164.13"," 3745.79"," 62725.629","1.55"," 43.29041"," 9.208219"
"668","2018-12-24"," 138.03","1319609.82"," 4008.01"," 64647.809","1.52"," 43.16093"," 9.620406"
"669","2018-12-21"," 107.69"," 666048.72"," 3838.66"," 82343.850","1.55"," 42.77480"," 9.455294"
"670","2018-12-20"," 114.05"," 859612.57"," 4049.62","101543.836","1.53"," 42.64686"," 9.347979"
"671","2018-12-19","  98.74"," 827748.59"," 3662.22"," 94137.341","1.56"," 42.51930"," 8.711889"
"672","2018-12-18"," 100.39"," 529946.79"," 3652.98"," 61369.615","1.58"," 42.39212"," 8.150350"
"673","2018-12-17","  94.02"," 472252.23"," 3509.08"," 66761.752","1.58"," 42.26533"," 7.699212"
"674","2018-12-14","  83.82"," 318003.73"," 3224.17"," 44492.984","1.60"," 42.64647"," 7.131473"
"675","2018-12-13","  86.34"," 331218.30"," 3302.06"," 40040.917","1.62"," 44.22535"," 7.415594"
"676","2018-12-12","  89.41"," 285436.04"," 3445.00"," 33922.931","1.62"," 44.83286"," 7.588254"
"677","2018-12-11","  87.76"," 339991.84"," 3380.39"," 35920.864","1.62"," 44.71085"," 7.422673"
"678","2018-12-10","  89.91"," 408573.03"," 3432.88"," 40989.245","1.65"," 45.51543"," 7.643678"
"679","2018-12-07","  93.05","1030073.58"," 3403.55"," 95145.457","1.68"," 45.54799"," 7.473500"
"680","2018-12-06","  91.00"," 586138.59"," 3508.75"," 68378.797","1.69"," 49.49256"," 8.093769"
"681","2018-12-05"," 102.71"," 354071.53"," 3769.84"," 44004.799","1.74"," 51.91669"," 8.802769"
"682","2018-12-04"," 109.94"," 275321.01"," 3951.64"," 48489.552","1.74"," 53.24825"," 9.248777"
"683","2018-12-03"," 108.76"," 324446.03"," 3884.01"," 49094.369","1.76"," 53.21549"," 9.222796"
"684","2018-11-30"," 113.73"," 418593.64"," 4041.32"," 67758.446","1.77"," 52.88151"," 9.587051"
"685","2018-11-29"," 117.98"," 478777.40"," 4295.84"," 73980.199","1.79"," 52.72334"," 9.940710"
"686","2018-11-28"," 122.90"," 578552.74"," 4264.85"," 91983.568","1.74"," 52.56565","10.334931"
"687","2018-11-27"," 111.43"," 524024.41"," 3875.21"," 67480.607","1.73"," 52.40842"," 9.638513"
"688","2018-11-26"," 110.68"," 679477.36"," 3862.20"," 94503.751","1.78"," 53.28769"," 9.920964"
"689","2018-11-23"," 125.02"," 504352.24"," 4420.61"," 49371.920","1.77"," 61.49880","11.035526"
"690","2018-11-22"," 126.63"," 334674.07"," 4370.00"," 34531.119","1.79"," 64.36577","11.665944"
"691","2018-11-21"," 138.23"," 718957.79"," 4661.07"," 61071.829","1.81"," 64.93793","12.094112"
"692","2018-11-20"," 133.82"," 996552.29"," 4558.86","117380.952","1.82"," 64.52425","12.175702"
"693","2018-11-19"," 150.81"," 596789.84"," 4910.03"," 70580.893","1.85"," 71.90525","13.783563"
"694","2018-11-16"," 176.89"," 241710.35"," 5655.94"," 38721.802","1.88"," 73.12146","15.842213"
"695","2018-11-15"," 184.35"," 452416.11"," 5753.40"," 47700.829","1.85"," 73.12146","15.923968"
"696","2018-11-14"," 187.43"," 434676.17"," 5922.41"," 46478.964","1.85"," 73.12146","17.043155"
"697","2018-11-13"," 209.84"," 114466.37"," 6457.66"," 11790.565","1.88"," 73.12146","18.597818"
"698","2018-11-12"," 212.89","  99963.97"," 6453.07"," 10132.783","1.89"," 73.12146","18.864319"
"699","2018-11-09"," 210.77"," 152215.95"," 6419.99"," 11787.617","1.90"," 73.12146","19.075996"
"700","2018-11-08"," 212.79"," 189828.49"," 6479.84"," 13259.789","1.92"," 73.12146","19.392214"
"701","2018-11-07"," 219.07"," 204931.03"," 6578.46"," 14271.591","1.93"," 73.12146","19.878312"
"702","2018-11-06"," 220.74"," 197797.50"," 6519.11"," 11926.566","1.92"," 73.12146","20.182629"
"703","2018-11-05"," 210.66"," 141432.14"," 6468.99","  8987.882","1.91"," 73.12146","19.843950"
"704","2018-11-02"," 202.35","  97123.23"," 6433.98","  9739.441","1.91"," 73.12146","19.293462"
"705","2018-11-01"," 199.96","  86097.99"," 6410.00","  9099.036","1.88"," 73.12146","19.094622"
"706","2018-10-31"," 198.73"," 114739.70"," 6371.93"," 12148.888","1.90"," 73.12146","18.944835"
"707","2018-10-30"," 197.27","  83633.81"," 6330.87","  8877.175","1.91"," 73.12146","18.827477"
"708","2018-10-29"," 196.96"," 118281.82"," 6344.50"," 13827.224","1.92"," 73.12146","18.849867"
"709","2018-10-26"," 204.92","  91143.83"," 6538.63","  9443.504","1.93"," 73.12146","18.924415"
"710","2018-10-25"," 203.93","  77411.57"," 6528.09"," 10342.701","1.91"," 73.12146","18.945021"
"711","2018-10-24"," 205.35","  97128.83"," 6565.50"," 11951.544","1.93"," 73.12146","18.961998"
"712","2018-10-23"," 205.85"," 112753.04"," 6553.51"," 13856.602","1.94"," 73.12146","18.983604"
"713","2018-10-22"," 206.67"," 206046.90"," 6581.20"," 16213.693","1.98"," 73.12146","18.982992"
"714","2018-10-19"," 205.00"," 254660.49"," 6528.88"," 20772.601","1.98"," 73.12146","18.984700"
"715","2018-10-18"," 206.24"," 150229.60"," 6618.96"," 20116.522","1.99"," 73.12146","18.998816"
